Word,oxford_level,oxford_version
a,A1,3000
abandon,B2,3000
ability,A2,3000
abolish,C1,5000
about,A1,3000
above,A1,3000
absence,C1,5000
absolute,B2,3000
absolutely,B1,3000
absorb,B2,5000
abstract,B2,5000
abundance,C1,5000
abuse,C1,5000
academic,B1,3000
academy,C1,5000
accelerate,C1,5000
accent,B2,5000
accept,A2,3000
acceptable,B2,3000
acceptance,C1,5000
access,B1,3000
accessible,C1,5000
accident,A2,3000
accidentally,B2,5000
accommodate,B2,5000
accommodation,B1,3000
accompany,B2,3000
accomplish,B2,5000
accomplishment,C1,5000
accordance,C1,5000
according,A2,3000
accordingly,C1,5000
account,B1,3000
accountability,C1,5000
accountable,C1,5000
accountant,B2,5000
accumulate,C1,5000
accumulation,C1,5000
accuracy,B2,5000
accurate,B2,3000
accurately,B2,5000
accusation,C1,5000
accuse,B2,3000
accused,C1,5000
achieve,A2,3000
achievement,B1,3000
acid,B2,5000
acknowledge,B2,3000
acquire,B2,3000
acquisition,C1,5000
acre,C1,5000
across,A1,3000
act,B1,3000
action,A1,3000
activate,B2,5000
activation,C1,5000
activist,C1,5000
activity,A1,3000
actor,A1,3000
actress,A1,3000
actv,A2,3000
ad,B1,3000
adaptation,C1,5000
add,A1,3000
addiction,B2,5000
additional,B2,3000
additionally,B2,5000
address,A1,3000
adequate,B2,5000
adequately,B2,5000
adhere,C1,5000
adjacent,C1,5000
adjust,B2,5000
adjustment,C1,5000
administer,C1,5000
administration,B2,3000
administrative,C1,5000
administrator,C1,5000
admission,C1,5000
adolescent,C1,5000
adopt,B2,3000
adoption,C1,5000
adult,A1,3000
advance,B2,3000
adventure,A2,3000
adverse,C1,5000
advertisement,A2,3000
advertising,A2,3000
advice,A1,3000
advise,B1,3000
advocate,C1,5000
aesthetic,C1,5000
affair,B2,3000
affection,C1,5000
affordable,B2,5000
afraid,A1,3000
after,A1,3000
aftermath,C1,5000
afternoon,A1,3000
afterwards,B2,3000
again,A1,3000
age,A1,3000
agency,B2,3000
agenda,B2,3000
aggression,C1,5000
aggressive,B2,3000
ago,A1,3000
agreement,B1,3000
agricultural,C1,5000
agriculture,B2,5000
ahead,B1,3000
aid,B2,3000
aide,C1,5000
aids,B2,5000
aircraft,B2,3000
alarm,B2,3000
albeit,C1,5000
alcoholic,B1,3000
alien,B2,5000
alignment,C1,5000
alike,C1,5000
allegation,C1,5000
allege,C1,5000
allegedly,C1,5000
alliance,C1,5000
allocate,C1,5000
allocation,C1,5000
allow,A2,3000
allowance,C1,5000
alongside,B2,5000
alter,B2,3000
alternative,B1,3000
altogether,B2,5000
aluminium,C1,5000
amateur,C1,5000
amazed,B1,3000
amazing,A1,3000
ambassador,C1,5000
ambition,B1,3000
ambitious,B1,3000
ambulance,B2,5000
amend,C1,5000
amendment,C1,5000
amid,C1,5000
amount,B2,3000
amusing,B2,5000
an,A1,3000
analogy,C1,5000
analyse,B1,3000
analyst,B2,5000
ancestor,B2,5000
anchor,C1,5000
anger,B2,3000
angle,B2,3000
animation,B2,5000
anniversary,B2,3000
announce,B1,3000
announcement,B1,3000
annoy,B1,3000
annoying,B1,3000
annual,B2,3000
annually,B2,5000
anonymous,C1,5000
another,A1,3000
answer,A1,3000
anticipate,B2,5000
anxiety,B2,5000
anxious,B2,3000
any,A1,3000
anybody,A2,3000
anyone,A1,3000
anything,A1,3000
anyway,A2,3000
anywhere,A2,3000
apart,B1,3000
apartment,A1,3000
apologize,B1,3000
apology,B2,5000
app,A2,3000
apparatus,C1,5000
apparent,B2,3000
apparently,B2,3000
appeal,B2,3000
appealing,C1,5000
appear,A2,3000
appearance,A2,3000
appetite,C1,5000
applaud,C1,5000
apple,A1,3000
applicable,C1,5000
applicant,B2,5000
application,B1,3000
apply,A2,3000
appoint,C1,5000
appointment,B1,3000
appreciate,B1,3000
appreciation,C1,5000
approach,B2,3000
appropriate,B2,3000
appropriately,B2,5000
approval,B2,3000
approve,B2,3000
approximately,B1,3000
april,A1,3000
arbitrary,C1,5000
architectural,C1,5000
architecture,A2,3000
archive,C1,5000
arguably,C1,5000
argue,A2,3000
arise,B2,3000
arm,C1,5000
arrangement,A2,3000
arrest,B1,3000
arrive,A1,3000
arrow,B2,5000
art,A1,3000
article,A1,3000
articulate,C1,5000
artwork,B2,5000
ashamed,B2,3000
aside,B2,5000
aspect,B2,3000
aspire,C1,5000
assassination,C1,5000
assault,C1,5000
assemble,C1,5000
assembly,C1,5000
assert,C1,5000
assertion,C1,5000
assessment,B2,3000
asset,B2,5000
assign,B2,5000
assignment,B1,3000
assist,B1,3000
assistance,B2,5000
assistant,A2,3000
associate,B2,3000
associated,B2,3000
association,B2,3000
assume,B2,3000
assumption,B2,5000
assurance,C1,5000
assure,B2,5000
astonishing,B2,5000
asylum,C1,5000
athlete,A2,3000
atmosphere,B1,3000
atrocity,C1,5000
attach,B1,3000
attachment,B2,5000
attain,C1,5000
attendance,C1,5000
attorney,C1,5000
attraction,B1,3000
attractive,A2,3000
attribute,C1,5000
auction,B2,5000
audience,A2,3000
audio,B2,5000
audit,C1,5000
authentic,C1,5000
author,A2,3000
authority,B1,3000
authorize,C1,5000
auto,C1,5000
automatic,B2,5000
automatically,B2,5000
autonomy,C1,5000
availability,C1,5000
available,A2,3000
average,A2,3000
avoid,A2,3000
await,C1,5000
award,A2,3000
awareness,B2,5000
away,A1,3000
awful,A2,3000
awkward,B2,5000
back,A2,3000
backdrop,C1,5000
background,A2,3000
backing,C1,5000
backup,C1,5000
backwards,B1,3000
bad,A1,3000
badge,B2,5000
badly,A2,3000
bail,C1,5000
bake,B1,3000
balanced,B2,5000
ballet,B2,5000
balloon,B2,5000
ballot,C1,5000
banner,C1,5000
bar,A2,3000
bare,C1,5000
barely,B2,5000
bargain,B2,5000
barrel,C1,5000
based,A2,3000
basement,B2,5000
basket,B2,5000
basketball,A2,3000
bass1,C1,5000
bat,B2,5000
bath,A1,3000
bathroom,A1,3000
battlefield,C1,5000
bay,C1,5000
beach,A1,3000
beam,C1,5000
bean,A2,3000
beast,C1,5000
beat,A2,3000
beautiful,A1,3000
because,A1,3000
become,A1,3000
beer,A1,3000
begin,A1,3000
beginning,A1,3000
behalf,C1,5000
behave,A2,3000
behaviour,A2,3000
behind,A1,3000
believe,A1,3000
belong,A2,3000
beloved,C1,5000
bench,C1,5000
benchmark,C1,5000
beneath,C1,5000
beneficial,B2,5000
beneficiary,C1,5000
beside,B2,5000
besides,B2,5000
best,A1,3000
betray,C1,5000
better,A2,3000
between,A1,3000
bias,B2,5000
bicycle,A1,3000
bid,B2,5000
bill,B2,3000
billion,A2,3000
bin,A2,3000
bind,C1,5000
biography,C1,5000
biological,B2,5000
bishop,C1,5000
bite,B1,3000
bizarre,C1,5000
blade,C1,5000
blanket,B2,5000
block,B1,3000
blog,A1,3000
blood,A2,3000
blow,B2,5000
board,B1,3000
boast,C1,5000
bold,B2,5000
bomb,B1,3000
bombing,B2,5000
booking,B2,5000
boost,B2,5000
border,B1,3000
boring,A1,3000
bother,B1,3000
bottle,A1,3000
bounce,C1,5000
bound,B2,5000
boundary,C1,5000
bow1,C1,5000
bowl,A2,3000
branch,B1,3000
brand,B1,3000
brave,B1,3000
breach,C1,5000
bread,A1,3000
breakdown,C1,5000
breakfast,A1,3000
breakthrough,C1,5000
breath,B1,3000
breathe,B1,3000
breathing,B1,3000
breed,C1,5000
brick,B2,5000
bride,B1,3000
briefly,B2,5000
brilliant,A2,3000
bring,A1,3000
broadband,C1,5000
broadcast,B2,3000
broadcaster,B2,5000
broadly,B2,5000
broken,A2,3000
brown,A1,3000
browser,C1,5000
brush,A2,3000
brutal,C1,5000
bubble,B1,3000
budget,B2,3000
bug,B2,5000
build,A1,3000
bureaucracy,C1,5000
burial,C1,5000
burn,A2,3000
bury,B1,3000
businessman,A2,3000
button,A2,3000
cabin,B2,5000
calculation,C1,5000
camp,A2,3000
campaign,B1,3000
camping,A2,3000
campus,B1,3000
can2,A2,3000
canal,B2,5000
candidate,B1,3000
candle,B2,5000
cannot,A1,3000
canvas,C1,5000
capability,C1,5000
capacity,B2,3000
capital,A1,3000
capitalism,C1,5000
capitalist,C1,5000
car,A1,3000
carbon,B2,5000
career,A1,3000
careful,A2,3000
carefully,A2,3000
careless,B1,3000
cargo,C1,5000
carpet,A2,3000
carriage,C1,5000
carrot,A1,3000
carry,A1,3000
cartoon,A2,3000
carve,C1,5000
case,A2,3000
cash,A2,3000
casino,C1,5000
castle,A2,3000
casual,B2,5000
casualty,C1,5000
catalogue,C1,5000
catch,A2,3000
category,B1,3000
cater,C1,5000
cause,A2,3000
caution,C1,5000
cautious,C1,5000
cave,B2,5000
cease,C1,5000
ceiling,B1,3000
celebrate,A2,3000
celebration,B1,3000
celebrity,A2,3000
cemetery,C1,5000
cent,A2,3000
central,B1,3000
centre,A1,3000
century,A1,3000
ceremony,B1,3000
certain,A2,3000
certainly,A2,3000
certainty,B2,5000
certificate,B2,5000
chain,B1,3000
chair,A1,3000
challenge,B2,3000
challenging,B2,5000
chamber,C1,5000
champion,B1,3000
championship,B2,5000
chance,A2,3000
change,A1,3000
channel,B1,3000
chaos,C1,5000
chapter,B1,3000
character,A2,3000
characteristic,B2,3000
characterize,C1,5000
charity,A2,3000
charm,C1,5000
charming,B2,5000
chart,A1,3000
charter,C1,5000
chase,B2,5000
chat,A2,3000
cheap,A1,3000
check,A1,3000
cheek,B2,5000
cheer,B2,5000
cheerful,B1,3000
cheese,A1,3000
chef,A2,3000
chemical,B1,3000
chemistry,A2,3000
chest,B1,3000
chicken,A1,3000
chief,B2,3000
child,A1,3000
childhood,B1,3000
chip,A2,3000
chocolate,A1,3000
choir,B2,5000
choose,A1,3000
chop,B2,5000
chronic,C1,5000
chunk,C1,5000
church,A2,3000
cigarette,A2,3000
cinema,A1,3000
circle,A2,3000
circuit,B2,5000
circulate,C1,5000
circulation,C1,5000
circumstance,B2,3000
cite,B2,3000
citizenship,C1,5000
city,A1,3000
civic,C1,5000
civilian,C1,5000
civilization,B2,5000
claim,B1,3000
clarify,B2,5000
clarity,C1,5000
clash,C1,5000
class,A1,3000
classical,A2,3000
classification,C1,5000
classify,B2,5000
classroom,A1,3000
clean,A1,3000
clear,A2,3000
clerk,B2,5000
clever,A2,3000
cliff,B2,5000
climate,A2,3000
climb,A1,3000
cling,C1,5000
clinic,B2,5000
clip,B2,5000
closed,A2,3000
closure,C1,5000
clothes/a,C1,5000
clothing,A2,3000
cloud,A2,3000
coalition,C1,5000
coastal,C1,5000
cocktail,C1,5000
cognitive,C1,5000
coincide,C1,5000
coincidence,B2,5000
collaborate,C1,5000
collaboration,C1,5000
collapse,B2,3000
colleague,A2,3000
collect,A2,3000
collective,C1,5000
collector,B2,5000
college,A1,3000
collision,C1,5000
colonial,C1,5000
colony,B2,5000
colour,A1,3000
coloured,B1,3000
colourful,B2,5000
column,A2,3000
columnist,C1,5000
combat,C1,5000
combination,B2,3000
combine,B1,3000
comedy,A2,3000
comfort,B2,3000
comfortable,A2,3000
comic,B2,5000
command,B2,3000
commander,B2,5000
commence,C1,5000
comment,A2,3000
commentary,C1,5000
commentator,C1,5000
commerce,C1,5000
commercial,B1,3000
commission,B2,3000
commissioner,C1,5000
commit,B1,3000
commitment,B2,3000
committee,B2,3000
commodity,C1,5000
common,A1,3000
commonly,B2,3000
communicate,A2,3000
communication,B1,3000
communist,C1,5000
community,A2,3000
companion,C1,5000
company,A1,3000
comparable,C1,5000
comparative,B2,5000
compare,A1,3000
comparison,B1,3000
compassion,C1,5000
compel,C1,5000
compelling,C1,5000
compensate,C1,5000
compensation,C1,5000
compete,A2,3000
competence,C1,5000
competent,C1,5000
competition,A2,3000
competitive,B1,3000
competitor,B1,3000
compile,C1,5000
complain,A2,3000
complaint,B1,3000
complement,C1,5000
complete,A1,3000
completely,A2,3000
completion,B2,5000
complex,B1,3000
complexity,C1,5000
compliance,C1,5000
complicated,B2,3000
complication,C1,5000
comply,C1,5000
component,B2,3000
compose,B2,5000
composer,B2,5000
composition,C1,5000
compound,B2,5000
comprehensive,B2,5000
comprise,B2,5000
compromise,C1,5000
compulsory,B2,5000
compute,C1,5000
computer,A1,3000
conceal,C1,5000
concede,C1,5000
conceive,C1,5000
concentrate,B1,3000
concentration,B2,3000
concept,B2,3000
conception,C1,5000
concerned,B2,3000
concert,A1,3000
concession,C1,5000
conclude,B1,3000
conclusion,B1,3000
concrete,B2,5000
condemn,C1,5000
condition,A2,3000
conduct,B2,3000
confer,C1,5000
conference,A2,3000
confess,B2,5000
confession,C1,5000
confidence,B2,3000
confident,B1,3000
configuration,C1,5000
confine,C1,5000
confirm,B1,3000
confirmation,C1,5000
conflict,B2,3000
confront,C1,5000
confrontation,C1,5000
confuse,B1,3000
confused,B1,3000
confusing,B2,3000
confusion,B2,5000
congratulate,C1,5000
congregation,C1,5000
congressional,C1,5000
connect,A2,3000
connected,A2,3000
connection,B1,3000
conquer,C1,5000
conscience,C1,5000
conscious,B2,3000
consciousness,C1,5000
consecutive,C1,5000
consensus,C1,5000
consent,C1,5000
consequence,B1,3000
consequently,B2,5000
conservation,B2,5000
conservative,B2,3000
conserve,C1,5000
consider,A2,3000
considerable,B2,5000
considerably,B2,5000
consideration,B2,3000
consist,B1,3000
consistency,C1,5000
consistent,B2,3000
consistently,B2,5000
consolidate,C1,5000
conspiracy,B2,5000
constant,B2,3000
constantly,B2,3000
constituency,C1,5000
constitute,C1,5000
constitution,C1,5000
constitutional,C1,5000
constraint,C1,5000
construct,B2,3000
construction,B2,3000
consult,B2,5000
consultant,B2,5000
consultation,C1,5000
consume,B1,3000
consumer,B1,3000
consumption,B2,5000
contact,B1,3000
contain,A2,3000
container,B1,3000
contemplate,C1,5000
contemporary,B2,3000
contempt,C1,5000
contend,C1,5000
contender,C1,5000
content1,B1,3000
content2,C1,5000
contention,C1,5000
contest,B2,3000
context,A2,3000
continent,A2,3000
continually,C1,5000
continue,A2,3000
continuous,B1,3000
contract,B2,3000
contractor,C1,5000
contradiction,C1,5000
contrary,C1,5000
contrast,B1,3000
contribute,B2,3000
contribution,B2,3000
contributor,C1,5000
control,A2,3000
controversial,B2,5000
controversy,B2,5000
convenience,B2,5000
convenient,B1,3000
convention,B2,5000
conventional,B2,5000
conversation,A1,3000
conversion,C1,5000
convert,B2,3000
convey,B2,5000
convict,C1,5000
conviction,C1,5000
convince,B1,3000
convinced,B2,3000
convincing,B2,5000
cook,A1,3000
cooker,A2,3000
cool,B1,3000
cooperate,C1,5000
cooperative,C1,5000
coordinate,C1,5000
coordination,C1,5000
coordinator,C1,5000
cop,C1,5000
cope,B2,5000
copper,C1,5000
copy,A2,3000
core,B2,3000
corner,A2,3000
corporate,B2,3000
corporation,B2,5000
correct,A1,3000
correctly,A2,3000
correspond,C1,5000
correspondence,C1,5000
correspondent,C1,5000
corresponding,C1,5000
corridor,B2,5000
corrupt,C1,5000
cost,A1,3000
costume,B1,3000
cottage,B1,3000
cotton,B1,3000
council,B2,3000
counselling,C1,5000
counsellor,C1,5000
count,A2,3000
counter,B2,5000
counterpart,C1,5000
countless,C1,5000
country,A1,3000
countryside,B1,3000
coup,C1,5000
couple,A2,3000
course,A1,3000
court,B1,3000
courtesy,C1,5000
cousin,A1,3000
cover,A2,3000
coverage,B2,5000
covered,B1,3000
crack,B2,5000
craft,B2,5000
crawl,C1,5000
crazy,A2,3000
cream,A1,3000
creative,A2,3000
creativity,B2,5000
creature,B2,3000
credibility,C1,5000
credible,C1,5000
credit,A2,3000
crime,A2,3000
criminal,A2,3000
critically,B2,5000
criticism,B2,3000
cross,A2,3000
crowd,A2,3000
crowded,A2,3000
cruel,B1,3000
cruise,B2,5000
cry,A2,3000
cue,B2,5000
cultivate,C1,5000
cultural,B1,3000
culture,A1,3000
cupboard,A2,3000
curiosity,C1,5000
curious,B2,5000
curly,A2,3000
currency,B1,3000
current,B1,3000
currently,B1,3000
curriculum,B2,5000
curtain,B1,3000
custody,C1,5000
custom,B1,3000
customer,A1,3000
cut,B1,3000
cute,B2,5000
cycle,A2,3000
dad,A1,3000
daily,A2,3000
dairy,B2,5000
damage,B1,3000
danger,A2,3000
dare,B2,5000
dark,A2,3000
darkness,B2,5000
data,A2,3000
database,B2,5000
dawn,C1,5000
dead,C1,5000
deadline,B2,5000
deadly,B2,5000
dealer,B2,5000
decision-making,C1,5000
decisive,C1,5000
deck,B2,5000
declaration,C1,5000
decline,B2,3000
decorate,B1,3000
decoration,B2,3000
decrease,B2,3000
dedicated,C1,5000
dedication,C1,5000
deed,C1,5000
deeply,B2,3000
default,C1,5000
defeat,B2,3000
defect,C1,5000
defence,B2,3000
defend,B2,3000
defender,B2,5000
defensive,C1,5000
deficiency,C1,5000
deficit,C1,5000
definite,A1,3000
definition,B1,3000
defyv,C1,5000
delegate,C1,5000
delegation,C1,5000
delete,B2,5000
deliberate,B2,3000
deliberately,B2,3000
delicate,C1,5000
delight,B2,3000
delighted,B2,3000
deliver,B1,3000
delivery,B2,3000
demand,B2,3000
democracy,B2,5000
democratic,B2,5000
demon,C1,5000
demonstrate,B2,3000
demonstration,B2,5000
denial,C1,5000
denounce,C1,5000
dense,C1,5000
density,C1,5000
deny,B2,3000
depart,B2,5000
departure,B1,3000
dependence,C1,5000
dependent,B2,5000
depict,C1,5000
deploy,C1,5000
deployment,C1,5000
deposit,B2,5000
depressed,B2,3000
depressing,B2,3000
depression,B2,5000
deprive,C1,5000
depth,B2,3000
deputy,C1,5000
derive,B2,5000
descend,C1,5000
descent,C1,5000
description,A1,3000
desert,B2,3000
deserve,B2,3000
designate,C1,5000
desirable,C1,5000
desire,B2,3000
desktop,C1,5000
desperate,B2,3000
desperately,B2,5000
despite,B1,3000
destination,B1,3000
destruction,B2,5000
destructive,C1,5000
detail,B2,3000
detailed,B2,3000
detain,C1,5000
detect,B2,3000
detection,C1,5000
detention,C1,5000
deteriorate,C1,5000
determination,B2,5000
determine,B1,3000
determined,B1,3000
devastate,C1,5000
development,B1,3000
devil,C1,5000
devise,C1,5000
devote,B2,5000
diagnose,C1,5000
diagnosis,C1,5000
diagram,B1,3000
diamond,B1,3000
dictate,C1,5000
dictator,C1,5000
differ,B2,5000
differentiate,C1,5000
difficulty,B1,3000
dig,B2,3000
dignity,C1,5000
dilemma,C1,5000
dimension,C1,5000
diminish,C1,5000
diplomatic,C1,5000
directly,B1,3000
directory,C1,5000
disability,B2,5000
disabled,B2,5000
disadvantage,B1,3000
disagreement,B2,5000
disappoint,B2,5000
disappointed,B1,3000
disappointing,B1,3000
disappointment,B2,5000
disastrous,C1,5000
discard,C1,5000
discharge,C1,5000
discipline,B2,3000
disclose,C1,5000
disclosure,C1,5000
discount,B1,3000
discourage,B2,5000
discourse,C1,5000
discretion,C1,5000
discrimination,C1,5000
dishonest,B2,3000
dislike,B1,3000
dismiss,B2,3000
dismissal,C1,5000
disorder,B2,5000
displace,C1,5000
display,B2,3000
disposal,C1,5000
dispose,C1,5000
dispute,C1,5000
disrupt,C1,5000
disruption,C1,5000
dissolve,C1,5000
distant,B2,5000
distinct,B2,5000
distinction,C1,5000
distinctive,C1,5000
distinguish,B2,5000
distort,C1,5000
distract,B2,5000
distress,C1,5000
distribute,B2,3000
distribution,B2,3000
district,B2,3000
disturb,B2,5000
disturbing,C1,5000
dive,B2,5000
diverse,B2,5000
diversity,B2,5000
divert,C1,5000
divide,B1,3000
division,B2,3000
divorce,B2,5000
doctor,A1,3000
doctrine,C1,5000
document,A2,3000
documentary,B1,3000
documentation,C1,5000
domain,C1,5000
domestic,B2,3000
dominance,C1,5000
dominant,B2,5000
dominate,B2,3000
donate,B1,3000
donation,B2,5000
donor,C1,5000
dose,C1,5000
dot,B2,5000
double,B1,3000
doubt,B1,3000
download,A2,3000
downstairs,A1,3000
downtown,B2,5000
downwards,B2,3000
dozen,B2,3000
draft,B2,3000
drama,A2,3000
dramatic,B2,3000
dramatically,B2,5000
drawing,A2,3000
dream,A2,3000
dressed,B1,3000
drive,A2,3000
driving,A2,3000
drop,A2,3000
drought,B2,5000
drown,C1,5000
drug,A2,3000
drum,B1,3000
drunk,B1,3000
dry,A2,3000
due,B1,3000
dull,B2,5000
dump,B2,5000
duration,B2,5000
dust,B1,3000
dynamic,B2,5000
eager,C1,5000
ear,A1,3000
earn,A2,3000
earnings,C1,5000
earth,A2,3000
earthquake,B1,3000
ease,C1,5000
easily,A2,3000
eastern,B1,3000
ecological,C1,5000
economic,B1,3000
economics,B2,5000
economist,B2,5000
economy,B1,3000
edit,B2,3000
editorial,B2,5000
educated,B1,3000
education,A2,3000
educational,B1,3000
educator,C1,5000
effective,B1,3000
effectively,B1,3000
effectiveness,C1,5000
efficiency,C1,5000
efficient,B2,3000
efficiently,B2,5000
effort,B1,3000
ego,C1,5000
eighteen,A1,3000
eighty,A1,3000
elaborate,C1,5000
elbow,B2,5000
elderly,B2,3000
elect,B2,3000
electoral,C1,5000
electric,A2,3000
electrical,A2,3000
electricity,A2,3000
electronic,A2,3000
electronics,B2,5000
elegant,B2,5000
element,B1,3000
elementary,B2,5000
elephant,A1,3000
elevate,C1,5000
eligible,C1,5000
eliminate,B2,5000
elite,C1,5000
elsewhere,B2,3000
embark,C1,5000
embarrassed,B1,3000
embarrassing,B1,3000
embarrassment,C1,5000
embassy,C1,5000
embed,C1,5000
embrace,B2,5000
emerge,B2,3000
emergence,C1,5000
emergency,B1,3000
emission,B2,5000
emotion,B1,3000
emotional,B2,3000
emotionally,B2,5000
emphasis,B2,3000
emphasize,B2,3000
empire,B2,5000
empirical,C1,5000
employ,A2,3000
employee,A2,3000
employer,A2,3000
employment,B1,3000
empower,C1,5000
empty,B1,3000
enable,B2,3000
encompass,C1,5000
encounter,B2,3000
encourage,B1,3000
encouragement,C1,5000
encouraging,C1,5000
endeavour,C1,5000
endless,C1,5000
endorse,C1,5000
endorsement,C1,5000
endure,C1,5000
enemy,B1,3000
enforce,C1,5000
enforcement,C1,5000
engage,B2,3000
engaged,B1,3000
engagement,C1,5000
engaging,C1,5000
engineering,B1,3000
enhance,B2,3000
enjoyable,B2,5000
enormous,A2,3000
enquire,C1,5000
enquiry,B2,3000
enrich,C1,5000
enrol,C1,5000
ensure,B2,3000
enter,A2,3000
enterprise,C1,5000
entertain,B1,3000
entertaining,B2,5000
entertainment,B1,3000
enthusiasm,B2,3000
enthusiast,C1,5000
enthusiastic,B2,3000
entire,B2,3000
entirely,B2,3000
entitle,C1,5000
entrance,B1,3000
entrepreneur,B2,5000
envelope,B2,5000
environment,A2,3000
environmental,B1,3000
epidemic,C1,5000
episode,B1,3000
equal,B2,3000
equality,C1,5000
equally,B1,3000
equation,C1,5000
equip,B2,5000
equipment,A2,3000
equivalent,B2,5000
era,B2,5000
erect,C1,5000
erupt,B2,5000
escape,B1,3000
essay,A2,3000
essence,C1,5000
essential,B1,3000
essentially,B2,5000
establish,B2,3000
establishment,C1,5000
estate,B2,3000
estimate,B2,3000
eternal,C1,5000
ethic,B2,5000
ethical,B2,3000
ethnic,B2,5000
euro,A1,3000
evacuate,C1,5000
evaluate,B2,3000
evaluation,B2,5000
even,A1,3000
evening,A1,3000
event,A1,3000
eventually,B1,3000
everybody,A1,3000
everyone,A1,3000
everything,A1,3000
everywhere,A2,3000
evidence,A2,3000
evident,B2,5000
evoke,C1,5000
evolution,B2,5000
evolutionary,C1,5000
evolve,B2,5000
exaggerate,C1,5000
exam,A1,3000
examination,B2,3000
examine,B1,3000
example,A1,3000
exceed,B2,5000
excellence,C1,5000
excellent,A2,3000
except,A2,3000
exception,B2,5000
exceptional,C1,5000
excess,C1,5000
excessive,B2,5000
exchange,B1,3000
excited,A1,3000
excitement,B1,3000
exciting,A1,3000
exclude,B2,5000
exclusion,C1,5000
exclusive,C1,5000
exclusively,C1,5000
excuse,B2,3000
execute,C1,5000
execution,C1,5000
executive,B2,3000
exercise,A1,3000
exert,C1,5000
exhibit,B2,5000
exhibition,B1,3000
exile,C1,5000
existence,B2,3000
exit,B2,5000
exotic,B2,5000
expand,B1,3000
expansion,B2,5000
expectation,B2,3000
expected,B1,3000
expedition,B1,3000
expenditure,C1,5000
expense,B2,3000
expensive,A1,3000
experience,A2,3000
experienced,B1,3000
experiment,A2,3000
experimental,C1,5000
expert,A2,3000
expertise,B2,5000
expire,C1,5000
explain,A1,3000
explanation,A2,3000
explicitly,C1,5000
explode,B1,3000
exploit,B2,5000
exploitation,C1,5000
exploration,B2,3000
explosion,B1,3000
explosive,C1,5000
export,B1,3000
expose,B2,3000
exposure,B2,5000
express,A2,3000
expression,A2,3000
extend,B2,3000
extension,B2,5000
extensive,B2,5000
extensively,B2,5000
extent,B2,3000
external,B2,3000
extra,A1,3000
extract,B2,5000
extraordinary,B2,3000
extreme,A2,3000
extremely,A2,3000
extremist,C1,5000
eye,A1,3000
fabric,B2,5000
fabulous,B2,5000
facilitate,C1,5000
facility,B2,3000
faction,C1,5000
factor,A2,3000
failed,B2,5000
fake,B2,5000
fame,B2,5000
family,A1,3000
famous,A1,3000
fantastic,A1,3000
fantasy,B2,5000
far,A1,3000
fare,B2,5000
farm,A1,3000
fashionable,B1,3000
fasten,B1,3000
favourable,C1,5000
feat,C1,5000
february,A1,3000
federal,B2,5000
fever,B2,5000
fibre,C1,5000
fiction,A2,3000
fifteen,A1,3000
film-maker,C1,5000
filter,C1,5000
finding,B2,3000
firefighter,B2,5000
firework,B2,5000
firm,B2,5000
firmly,B2,5000
fish,A1,3000
fixed,B1,3000
flat,B2,5000
flavour,B2,5000
flesh,C1,5000
flexibility,C1,5000
flourish,C1,5000
fly,A2,3000
focus,A2,3000
following,A2,3000
fond,B2,5000
fool,B2,5000
forbid,B2,5000
force,B1,3000
forecast,B2,5000
foreign,A2,3000
foreigner,C1,5000
forest,A2,3000
forever,B1,3000
forge,C1,5000
forgive,B2,3000
format,B2,5000
formation,B2,5000
formerly,B2,5000
formulate,C1,5000
forth,C1,5000
forthcoming,C1,5000
fortunate,B2,5000
fortunately,A2,3000
fortune,B2,3000
forum,B2,5000
forward,A2,3000
fossil,B2,5000
foster,C1,5000
found,B2,3000
foundation,B2,5000
founder,B2,5000
fourteen,A1,3000
fourth,A1,3000
fraction,B2,5000
fragile,C1,5000
fragment,B2,5000
frame,B1,3000
framework,B2,5000
franchise,C1,5000
frankly,C1,5000
fraud,B2,5000
free,A2,3000
freely,B2,5000
freeze,B1,3000
frequency,B2,3000
frequent,B2,5000
frequently,B1,3000
fridge,A2,3000
friendship,B1,3000
frighten,B1,3000
frightened,B1,3000
frightening,B1,3000
front,A1,3000
frozen,B1,3000
fruit,A1,3000
frustrated,C1,5000
frustrating,C1,5000
frustration,C1,5000
fry,B1,3000
fulfil,B2,5000
full-time,B2,5000
function,B1,3000
functional,C1,5000
fundamental,B2,3000
fundamentally,B2,5000
funding,B2,3000
fundraising,C1,5000
funeral,C1,5000
fur,B1,3000
furious,B2,5000
furniture,A2,3000
further,A2,3000
furthermore,B2,3000
future,A1,3000
gain,B2,3000
gallery,A2,3000
gallon,C1,5000
gambling,C1,5000
game,A1,3000
gaming,B2,5000
garage,B1,3000
garden,A1,3000
gather,B1,3000
gathering,C1,5000
gay,B2,5000
gaze,C1,5000
gear,C1,5000
gender,B2,5000
gene,B2,5000
generally,B1,3000
generation,B1,3000
generous,B1,3000
genetic,B2,5000
genius,B2,5000
gentle,B1,3000
gentleman,B1,3000
genuine,B2,5000
genuinely,B2,5000
geography,A1,3000
gesture,B2,5000
get,A1,3000
ghost,B1,3000
gift,A2,3000
gig,B2,5000
girl,A1,3000
glad,B1,3000
global,B1,3000
globalization,B2,5000
globe,B2,5000
glove,B1,3000
golden,B2,5000
golf,A2,3000
goodness,B2,5000
gorgeous,B2,5000
government,A2,3000
governor,B2,5000
grade,B1,3000
gradually,B2,3000
graduate,B1,3000
grain,B1,3000
grand,B2,3000
grandfather,A1,3000
grandmother,A1,3000
grandparent,A1,3000
graphic,B2,5000
graphics,B2,5000
grass,A2,3000
grateful,B1,3000
grave,C1,5000
gravity,C1,5000
great,A1,3000
greatly,B2,5000
greenhouse,B2,5000
grocery,B2,5000
growth,B1,3000
guarantee,B2,3000
guard,B1,3000
guest,A2,3000
guideline,B2,5000
guilty,B1,3000
habitat,B2,5000
hand,A1,3000
handle,B2,3000
happiness,B1,3000
harbour,B2,5000
hardly,B1,3000
harmful,B2,3000
hate,B1,3000
have,A2,3000
headache,A2,3000
headline,B1,3000
headquarters,B2,5000
heal,B2,5000
healthcare,B2,5000
hearing,B2,3000
heart,A2,3000
heating,B1,3000
heaven,B2,3000
heavily,B1,3000
heavy,A2,3000
heel,B2,3000
height,A2,3000
helicopter,B1,3000
helmet,B2,5000
help,A1,3000
helpful,A2,3000
hence,B2,5000
herb,B2,5000
hero,A2,3000
herself,A2,3000
hesitate,B2,3000
hidden,B2,5000
hide,A2,3000
high,B2,3000
highlight,B1,3000
highly,B1,3000
highway,B2,5000
hilarious,B2,5000
hip,B2,5000
hire,B1,3000
his,A2,3000
historian,B2,5000
historical,B1,3000
hollow,B2,3000
holy,B2,3000
homeless,B2,5000
homework,A1,3000
honest,B1,3000
honesty,B2,5000
honour,B2,3000
hook,B2,5000
hope,A2,3000
hopefully,B2,5000
horizon,C1,5000
horrible,B1,3000
horror,B1,3000
host,B2,3000
hostile,C1,5000
hostility,C1,5000
household,B2,3000
housing,B2,3000
human,A2,3000
humanitarian,C1,5000
humanity,C1,5000
humble,C1,5000
humorous,B2,3000
humour,B2,3000
hundred,A1,3000
hunger,B2,5000
hungry,A1,3000
hunt,B2,3000
hunting,B2,3000
hurricane,B1,3000
hurry,B1,3000
hurt,A2,3000
husband,A1,3000
hydrogen,C1,5000
hypothesis,B2,5000
ice,A1,3000
icon,B2,5000
id,B2,5000
ideal,A2,3000
identical,B2,5000
identification,C1,5000
identify,A2,3000
identity,B1,3000
ideological,C1,5000
ideology,C1,5000
idiot,C1,5000
ignore,B1,3000
illegal,B1,3000
illusion,B2,5000
illustrate,B2,3000
illustration,B2,3000
imagery,C1,5000
imaginary,B1,3000
imagination,B2,3000
immediate,B1,3000
immediately,A2,3000
immense,C1,5000
immigrant,B1,3000
immigration,B2,5000
imminent,C1,5000
immune,B2,5000
impact,B1,3000
impatient,B2,3000
implement,B2,5000
implementation,C1,5000
implication,B2,5000
imply,B2,3000
import,B1,3000
importance,B1,3000
impossible,A2,3000
impress,B2,3000
impressed,B2,3000
impression,B1,3000
impressive,B1,3000
imprison,C1,5000
imprisonment,C1,5000
improvement,B1,3000
in,B1,3000
inability,C1,5000
inadequate,C1,5000
inappropriate,C1,5000
incentive,B2,5000
inch,B2,3000
incidence,C1,5000
inclined,C1,5000
included,A2,3000
including,A2,3000
inclusion,C1,5000
income,B2,3000
incorporate,B2,5000
incorrect,B2,5000
increase,A2,3000
increasingly,B2,3000
incredible,A2,3000
incredibly,B1,3000
indeed,B1,3000
independence,B2,5000
independent,A2,3000
index,B2,5000
indicate,B1,3000
indication,B2,5000
indictment,C1,5000
indigenous,C1,5000
indirect,B1,3000
individual,A2,3000
indoor,B1,3000
indoors,B1,3000
induce,C1,5000
industrial,B2,3000
industry,A2,3000
inequality,C1,5000
inevitable,B2,5000
inevitably,B2,5000
infamous,C1,5000
infant,C1,5000
infection,B2,3000
infer,B2,5000
infinitive,A1,3000
inflation,B2,5000
influence,B1,3000
info,B2,5000
inform,B2,3000
informal,A2,3000
infrastructure,B2,5000
ingredient,B1,3000
inhabitant,B2,5000
inherent,C1,5000
inherit,B2,5000
inhibit,C1,5000
initially,B2,3000
initiative,B2,3000
injure,B1,3000
injured,B1,3000
injury,A2,3000
injustice,C1,5000
ink,B2,5000
inner,B2,3000
innocent,B1,3000
innovation,B2,5000
innovative,B2,5000
input,B2,5000
insect,A2,3000
insert,B2,5000
insertion,C1,5000
insider,C1,5000
insight,B2,3000
inspection,C1,5000
inspector,B2,5000
inspiration,C1,5000
installation,B2,5000
instance,B2,3000
instant,B2,5000
instantly,B2,5000
instead,A2,3000
instinct,C1,5000
institute,B2,3000
institution,B2,3000
institutional,C1,5000
instruct,C1,5000
instrumental,C1,5000
insufficient,C1,5000
insult,C1,5000
insurance,B2,3000
integrate,B2,5000
integrated,C1,5000
integration,C1,5000
integrity,C1,5000
intellectual,B2,5000
intelligence,B1,3000
intend,B1,3000
intended,B2,3000
intense,B2,3000
intensify,C1,5000
intensity,C1,5000
intensive,C1,5000
intent,C1,5000
intention,B1,3000
interact,B2,5000
interaction,B2,5000
interactive,C1,5000
interface,C1,5000
interfere,C1,5000
interference,C1,5000
interim,C1,5000
interior,C1,5000
intermediate,C1,5000
internal,B2,3000
international,A2,3000
interpret,B2,3000
interpretation,B2,5000
interrupt,B2,3000
interval,B2,5000
intervene,C1,5000
intervention,C1,5000
intimate,C1,5000
intriguing,C1,5000
introduction,A2,3000
invade,B2,5000
invasion,B2,5000
invest,B1,3000
investigate,B1,3000
investigation,B2,3000
investigator,C1,5000
investment,B2,3000
investor,B2,5000
invisible,C1,5000
invoke,C1,5000
involved,B1,3000
involvement,C1,5000
iron,B1,3000
ironic,C1,5000
ironically,C1,5000
irony,C1,5000
irrelevant,C1,5000
isolate,B2,5000
isolated,B2,5000
isolation,C1,5000
issue,B1,3000
jail,B2,5000
jet,B2,5000
joint,B2,5000
journalism,B2,5000
judgement,B2,3000
judicial,C1,5000
junction,C1,5000
junior,B2,3000
jurisdiction,C1,5000
jury,B2,5000
just,C1,5000
justice,B2,3000
justification,C1,5000
kick,B1,3000
kidnap,C1,5000
kidney,C1,5000
kingdom,C1,5000
kiss,B1,3000
kit,B2,5000
knock,B1,3000
lad,C1,5000
ladder,B2,5000
landing,B2,5000
landmark,C1,5000
landscape,B2,3000
lane,B2,5000
lap,C1,5000
large-scale,C1,5000
largely,B2,3000
laser,C1,5000
lately,B2,5000
latest,B2,3000
latter,C1,5000
lawn,C1,5000
lawsuit,C1,5000
layout,C1,5000
leadership,B2,3000
leaflet,B2,5000
league,B2,3000
legacy,C1,5000
legend,B2,5000
legendary,C1,5000
legislation,C1,5000
legislative,C1,5000
legislature,C1,5000
legitimate,C1,5000
lengthy,C1,5000
lens,B2,5000
lesbian,C1,5000
lesser,C1,5000
lethal,C1,5000
level,B1,3000
liable,C1,5000
liberal,C1,5000
liberation,C1,5000
liberty,C1,5000
license,C1,5000
lifelong,C1,5000
lifetime,B2,5000
light,A2,3000
lighting,B2,5000
likelihood,C1,5000
likewise,B2,5000
limb,C1,5000
limit,B1,3000
limitation,B2,5000
line,A1,3000
linear,C1,5000
literally,B2,5000
literary,B2,5000
litre,B2,5000
litter,B2,5000
lock,A2,3000
logo,B2,5000
long-standing,C1,5000
long-term,B2,3000
long-time,C1,5000
look,A2,3000
loom,C1,5000
loop,C1,5000
loose,B2,3000
lord,B2,3000
lottery,B2,5000
loudly,A2,3000
lovely,A2,3000
low,A2,3000
loyal,B2,5000
loyalty,C1,5000
luck,A2,3000
lucky,A2,3000
lyric,B2,5000
machine,A1,3000
machinery,C1,5000
magazine,A1,3000
magical,C1,5000
magistrate,C1,5000
magnetic,C1,5000
magnificent,B2,5000
magnitude,C1,5000
main,A1,3000
mainland,C1,5000
mainstream,C1,5000
maintenance,C1,5000
majority,B2,3000
make,A1,3000
make-up,B2,5000
making,B2,5000
mall,B1,3000
mandate,C1,5000
mandatory,C1,5000
manifest,C1,5000
manipulate,C1,5000
manipulation,C1,5000
manufacture,B2,5000
manufacturing,B2,5000
manuscript,C1,5000
map,A1,3000
marathon,B2,5000
march,A1,3000
margin,B2,5000
marginal,C1,5000
marine,C1,5000
marker,A1,3000
marketplace,C1,5000
martial,B2,5000
mask,C1,5000
massacre,C1,5000
massive,B2,3000
master,B2,3000
matching,B2,3000
mate,B2,5000
material,B2,3000
mathematical,C1,5000
mature,C1,5000
maximize,C1,5000
maximum,B2,3000
may,A1,3000
maybe,A1,3000
mayor,B2,5000
me,A1,3000
meal,A1,3000
mean,A1,3000
meaning,A1,3000
meaningful,C1,5000
means,B2,3000
meantime,C1,5000
measurement,B2,3000
meat,A1,3000
mechanic,B2,5000
mechanical,B2,5000
mechanism,B2,5000
medal,B2,5000
medication,B2,5000
medieval,C1,5000
meditation,C1,5000
medium,B2,3000
meet,A1,3000
meeting,A1,3000
melody,C1,5000
melt,B2,3000
member,A1,3000
membership,B2,5000
memo,C1,5000
memoir,C1,5000
memorable,B2,5000
memorial,C1,5000
mentor,C1,5000
menu,A1,3000
merchant,C1,5000
mercy,C1,5000
merely,C1,5000
merge,C1,5000
merger,C1,5000
message,A1,3000
metaphor,B2,5000
methodology,C1,5000
metre,A1,3000
midnight,A1,3000
midst,C1,5000
migration,C1,5000
mile,A1,3000
militant,C1,5000
militia,C1,5000
milk,A1,3000
mill,C1,5000
miner,B2,5000
mineral,B2,3000
minimize,C1,5000
minimum,B2,3000
mining,C1,5000
minister,B2,3000
ministry,C1,5000
minor,B2,3000
minority,B2,3000
minute1,A1,3000
minute2,C1,5000
miracle,C1,5000
mirror,A2,3000
miserable,B2,5000
misery,C1,5000
misleading,C1,5000
missile,C1,5000
missing,A2,3000
mission,B2,3000
mistake,B2,3000
mix,B1,3000
mobile,A2,3000
mobility,C1,5000
mobilize,C1,5000
mode,B2,5000
model,B2,3000
moderate,C1,5000
modest,B2,5000
modification,C1,5000
moment,A1,3000
momentum,C1,5000
monday,A1,3000
monitor,B2,3000
monk,C1,5000
monkey,A2,3000
monopoly,C1,5000
monster,B2,5000
monthly,B2,5000
monument,B2,5000
moon,A2,3000
moral,B2,3000
morality,C1,5000
more,A2,3000
moreover,B2,5000
morning,A1,3000
mortgage,B2,5000
mosque,B2,5000
mostly,A2,3000
mother,A1,3000
motion,B2,5000
motivate,B2,5000
motivation,B2,5000
motive,C1,5000
motor,B2,3000
motorcycle,A2,3000
motorist,C1,5000
mount,B2,3000
mountain,A1,3000
movement,A2,3000
moving,B2,5000
multiple,B2,3000
multiply,B2,3000
mum,A1,3000
municipal,C1,5000
musical,A2,3000
musician,A2,3000
mutual,C1,5000
myself,A2,3000
mysterious,B2,3000
myth,B2,5000
naked,B2,5000
namely,C1,5000
narrow,A2,3000
nasty,B2,5000
national,A2,3000
nationwide,C1,5000
nature,A2,3000
naval,C1,5000
navigation,B2,5000
nearby,B2,5000
nearly,A2,3000
necessary,A2,3000
necessity,B2,5000
neck,A2,3000
need,A1,3000
negative,B2,3000
neglect,C1,5000
negotiate,B2,5000
negotiation,B2,5000
neighbour,A1,3000
neighbouring,C1,5000
nerve,B2,3000
nervous,A2,3000
nest,C1,5000
network,A2,3000
neutral,B2,5000
nevertheless,B2,3000
newly,B2,5000
newsletter,C1,5000
niche,C1,5000
nightmare,B2,3000
nineteen,A1,3000
ninety,A1,3000
no,A1,3000
noble,C1,5000
nobody,A1,3000
noise,A2,3000
nomination,C1,5000
nominee,C1,5000
non-profit,C1,5000
nonetheless,C1,5000
nonsense,C1,5000
noon,C1,5000
norm,B2,5000
normal,A2,3000
normally,A2,3000
north,A1,3000
nose,A1,3000
not,A1,3000
notable,C1,5000
notably,C1,5000
notebook,B2,5000
nothing,A1,3000
notice,A2,3000
notify,C1,5000
notion,B2,3000
notorious,C1,5000
novel,A2,3000
novelist,B2,5000
november,A1,3000
now,A1,3000
nowadays,B2,5000
nowhere,A2,3000
number,A1,3000
numerous,B2,3000
nurse,A1,3000
nursery,C1,5000
nursing,B2,5000
nutrition,B2,5000
obesity,B2,5000
obey,B2,3000
object,A1,3000
objection,C1,5000
objective,B2,3000
obligation,B2,3000
oblige,C1,5000
observation,B2,3000
observe,B2,3000
observer,B2,5000
obsess,C1,5000
obsession,C1,5000
obstacle,B2,5000
obtain,B2,3000
occasional,C1,5000
occasionally,B2,3000
occupation,B2,5000
occupy,B2,5000
occurrence,C1,5000
october,A1,3000
odds,C1,5000
of,A1,3000
offence,B2,3000
offender,B2,5000
offensive,B2,3000
offering,C1,5000
official,B2,3000
offspring,C1,5000
one,A1,3000
ongoing,B2,5000
onion,A1,3000
opening,B2,3000
openly,B2,5000
opera,B2,5000
operate,B2,3000
operational,C1,5000
operator,B2,5000
opponent,B2,3000
opportunity,A2,3000
oppose,B2,3000
opposed,B2,3000
opposition,B2,3000
opt,C1,5000
optical,C1,5000
optimism,C1,5000
optimistic,B2,5000
option,A2,3000
or,A1,3000
orchestra,B2,5000
organ,B2,3000
organic,B2,5000
organization,A2,3000
organizational,C1,5000
organize,A2,3000
orientation,C1,5000
originate,C1,5000
otherwise,B2,3000
ourselves,A2,3000
outbreak,C1,5000
outcome,B2,3000
outer,B2,3000
outfit,B2,5000
outing,C1,5000
outlet,C1,5000
outline,B2,3000
output,B2,5000
outrage,C1,5000
outside,A2,3000
outsider,C1,5000
outstanding,B2,5000
oven,A2,3000
overall,B2,3000
overcome,B2,5000
overlook,C1,5000
overnight,B2,5000
overseas,B2,5000
oversee,C1,5000
overturn,C1,5000
overwhelm,C1,5000
overwhelming,C1,5000
owe,B2,3000
own,A2,3000
ownership,B2,5000
oxygen,B2,5000
oâ€™clock,A1,3000
pace,B2,3000
pack,A2,3000
package,B2,3000
packet,B2,5000
pad,C1,5000
painter,A2,3000
palace,A2,3000
palm,B2,5000
panel,B2,3000
panic,B2,5000
pants,A2,3000
parade,B2,5000
parallel,B2,5000
parameter,C1,5000
parental,C1,5000
parish,C1,5000
parking,A2,3000
parliament,B2,3000
parliamentary,C1,5000
part-time,B2,5000
partial,C1,5000
partially,C1,5000
participant,B2,3000
participation,B2,5000
particular,A2,3000
partly,B2,3000
partnership,B2,5000
pass,A2,3000
passage,B2,3000
passenger,A2,3000
passing,C1,5000
passionate,B2,5000
passive,C1,5000
password,B2,5000
past,A2,3000
pastor,C1,5000
patch,C1,5000
patent,C1,5000
pathway,C1,5000
patience,B2,5000
patient,A2,3000
patrol,C1,5000
patron,C1,5000
pattern,A2,3000
pause,B2,5000
pay,A2,3000
peace,A2,3000
peak,C1,5000
peasant,C1,5000
peculiar,C1,5000
peer,B2,5000
penalty,B2,5000
pension1,B2,3000
perceive,B2,5000
perception,B2,5000
perfectly,B1,3000
perform,A2,3000
performance,B1,3000
perhaps,A2,3000
permanent,B2,3000
permanently,B2,5000
permission,A2,3000
permit,B2,3000
persist,C1,5000
persistent,C1,5000
personality,A2,3000
personally,B1,3000
personnel,C1,5000
perspective,B2,3000
persuade,B1,3000
pet,A2,3000
petition,C1,5000
petrol,A2,3000
phase,B2,3000
phenomenon,B2,3000
philosopher,C1,5000
philosophical,C1,5000
philosophy,B2,3000
photograph,A2,3000
photographer,B1,3000
photography,B1,3000
physical,A2,3000
physician,C1,5000
physics,A2,3000
pick,A2,3000
picture,B2,3000
pill,B2,5000
pilot,A2,3000
pin,B1,3000
pioneer,C1,5000
pipe,B1,3000
pipeline,C1,5000
pirate,C1,5000
pity,B2,5000
place,A1,3000
placement,B2,5000
plane,A1,3000
planning,B1,3000
plate,A2,3000
platform,A2,3000
player,A1,3000
plead,C1,5000
pleasant,B1,3000
please,A1,3000
pleased,A2,3000
pleasure,B1,3000
pledge,C1,5000
plenty,B1,3000
plot,B1,3000
plug,C1,5000
plunge,C1,5000
plus1,B1,3000
pocket,A2,3000
poem,B1,3000
poetry,B1,3000
point,A1,3000
pointed,B2,3000
poison,B1,3000
poisonous,B1,3000
pole,C1,5000
police,A1,3000
policeman,A1,3000
policy,B1,3000
political,B1,3000
politician,B1,3000
politics,B1,3000
poll,C1,5000
pollution,A2,3000
pool,A1,3000
poor,A1,3000
pop,A2,3000
popular,A1,3000
popularity,B2,3000
population,A2,3000
port,B1,3000
portion,B2,5000
portrait,B1,3000
pose,B2,3000
position,A2,3000
positive,A1,3000
possess,B2,3000
possession,A2,3000
possibility,A2,3000
possible,A1,3000
possibly,B1,3000
post,A1,3000
post-war,C1,5000
poster,A2,3000
postpone,C1,5000
pot,B1,3000
potato,A1,3000
potential,B2,3000
potentially,B2,5000
pound,A1,3000
pour,B1,3000
poverty,B1,3000
powder,B1,3000
power,B2,3000
powerful,B1,3000
practical,B1,3000
practice,A1,3000
practise,A1,3000
practitioner,C1,5000
praise,B2,3000
pray,B1,3000
preach,C1,5000
precede,B2,5000
precedent,C1,5000
precious,B2,5000
precise,B2,5000
precisely,B2,5000
precision,C1,5000
predator,C1,5000
predecessor,C1,5000
predict,A2,3000
predictable,B2,5000
prediction,B1,3000
predominantly,C1,5000
prefer,A1,3000
preference,B2,5000
pregnancy,C1,5000
pregnant,B2,3000
prejudice,C1,5000
preliminary,C1,5000
premier,C1,5000
premise,C1,5000
premium,C1,5000
preparation,B2,3000
prepare,A1,3000
prepared,B1,3000
prescribe,C1,5000
prescription,C1,5000
presence,B2,3000
present,A1,3000
presentation,B1,3000
presently,C1,5000
preservation,C1,5000
preserve,B2,3000
preside,C1,5000
presidency,C1,5000
president,A2,3000
presidential,C1,5000
press,B1,3000
pressure,B1,3000
prestigious,C1,5000
presumably,C1,5000
presume,C1,5000
pretend,B1,3000
pretty,A1,3000
prevail,C1,5000
prevalence,C1,5000
prevent,A2,3000
prevention,C1,5000
previous,B1,3000
previously,B1,3000
prey,C1,5000
price,A1,3000
pride,B2,5000
priest,B1,3000
primarily,B2,5000
primary,B1,3000
prime,B2,3000
prince,B1,3000
princess,B1,3000
principal,B2,5000
principle,B2,3000
print,B2,3000
printing,B1,3000
prior,B2,5000
priority,B2,3000
prisoner,B1,3000
privacy,B2,3000
private,B1,3000
privatization,C1,5000
privilege,C1,5000
probability,B2,5000
probable,B2,5000
probably,A1,3000
probe,C1,5000
problem,A1,3000
problematic,C1,5000
procedure,B2,3000
proceed,B2,5000
proceedings,C1,5000
proceeds,C1,5000
process,B2,3000
processing,C1,5000
processor,C1,5000
proclaim,C1,5000
produce,A2,3000
producer,B1,3000
product,A1,3000
production,B1,3000
productive,C1,5000
productivity,C1,5000
profession,B1,3000
professional,A2,3000
professor,A2,3000
profile,A2,3000
profit,B1,3000
profitable,C1,5000
profound,C1,5000
program,A2,3000
programme,A1,3000
programming,B2,5000
progress,A2,3000
progressive,B2,5000
prohibit,B2,5000
project,A1,3000
projection,C1,5000
prominent,C1,5000
promising,B2,5000
promote,B1,3000
promotion,B2,5000
prompt,B2,5000
pronounce,A2,3000
pronounced,C1,5000
proof,B2,3000
propaganda,C1,5000
proper,B1,3000
properly,B1,3000
property,B1,3000
proportion,B2,5000
proposal,B2,3000
propose,B2,3000
proposition,C1,5000
prosecute,C1,5000
prosecution,C1,5000
prosecutor,C1,5000
prospect,B2,3000
prospective,C1,5000
prosperity,C1,5000
protection,B2,3000
protective,C1,5000
protein,B2,5000
protest,B1,3000
protester,B2,5000
protocol,C1,5000
proud,B1,3000
prove,B1,3000
province,C1,5000
provincial,C1,5000
provision,C1,5000
provoke,C1,5000
psychiatric,C1,5000
psychological,B2,5000
psychologist,B2,3000
psychology,B2,3000
publication,B2,3000
publicity,B2,5000
publishing,B2,5000
pull,B1,3000
pulse,C1,5000
pump,C1,5000
punch,C1,5000
punishment,B1,3000
punk,B2,5000
pupil,B2,3000
purchase,B2,3000
pure,B2,3000
purely,B2,5000
purple,A1,3000
pursue,B2,3000
pursuit,B2,5000
push,B1,3000
put,A1,3000
puzzle,B2,5000
qualification,B1,3000
qualified,B1,3000
qualify,B1,3000
quarter,A1,3000
query,C1,5000
quest,C1,5000
question,A1,3000
questionnaire,B2,5000
queue,B1,3000
quick,A1,3000
quickly,A1,3000
quiet,A1,3000
quit,B1,3000
quite,A1,3000
quota,C1,5000
quotation,B1,3000
quote,B1,3000
race,B1,3000
racial,B2,5000
racing,B1,3000
racism,B2,5000
racist,B2,5000
radar,C1,5000
radiation,B2,5000
radical,C1,5000
radio,A1,3000
rage,C1,5000
rail,B2,5000
railway,A2,3000
raise,A2,3000
rally,C1,5000
random,B2,5000
range,B1,3000
rank,B2,3000
ranking,C1,5000
rape,C1,5000
rapid,B2,3000
rapidly,B2,3000
rat,B2,5000
rate,B2,3000
rating,B2,5000
ratio,C1,5000
rational,C1,5000
raw,B2,3000
ray,C1,5000
reach,A2,3000
read,A1,3000
reader,A1,3000
reading,A1,3000
ready,A1,3000
real,A1,3000
realistic,B2,3000
realization,C1,5000
really,A1,3000
realm,C1,5000
rear,C1,5000
reason,A1,3000
reasonable,B2,3000
reasonably,B2,5000
reasoning,C1,5000
reassure,C1,5000
rebellion,C1,5000
rebuild,B2,5000
recall,B2,3000
receive,A2,3000
receiver,B2,5000
recent,A2,3000
recently,A2,3000
reception,A2,3000
recession,B2,5000
recipe,A2,3000
recipient,C1,5000
reckon,B2,5000
recognition,B2,5000
recognize,A2,3000
recommend,A2,3000
recommendation,B1,3000
reconstruction,C1,5000
record,A2,3000
recording,A2,3000
recount1,C1,5000
recover,B2,3000
recovery,B2,5000
recruit,B2,5000
recruitment,B2,5000
recycle,A2,3000
red,A1,3000
reduce,A2,3000
reduction,B2,3000
refer,A2,3000
referee,B2,5000
reference,B1,3000
referendum,C1,5000
reflect,B1,3000
reflection,C1,5000
reform,C1,5000
refuge,C1,5000
refugee,B2,5000
refusal,C1,5000
regain,C1,5000
regard,B2,3000
regardless,C1,5000
regime,C1,5000
regional,B2,3000
register,B2,3000
registration,B2,5000
regret,B2,3000
regularly,B1,3000
regulate,B2,5000
regulation,B2,3000
regulator,C1,5000
regulatory,C1,5000
rehabilitation,C1,5000
reign,C1,5000
reinforce,B2,5000
reject,B1,3000
rejection,C1,5000
relation,B1,3000
relationship,A2,3000
relative,B1,3000
relatively,B2,3000
relax,A1,3000
relaxed,B1,3000
relaxing,B1,3000
release,B1,3000
relevance,C1,5000
relevant,B2,3000
reliability,C1,5000
reliable,B1,3000
relief,B2,3000
relieve,B2,5000
relieved,B2,5000
religion,B1,3000
religious,B1,3000
reluctant,C1,5000
rely,B2,3000
remain,B1,3000
remainder,C1,5000
remains,C1,5000
remarkable,B2,5000
remarkably,B2,5000
remedy,C1,5000
remember,A1,3000
remind,B1,3000
reminder,C1,5000
remote,B1,3000
removal,C1,5000
remove,A2,3000
render,C1,5000
renew,C1,5000
renowned,C1,5000
rent,B1,3000
rental,C1,5000
repeat,A1,3000
repeated,B1,3000
replacement,C1,5000
report,A1,3000
reportedly,C1,5000
reporting,B2,5000
represent,B1,3000
representation,C1,5000
representative,B2,3000
reproduce,C1,5000
reproduction,C1,5000
republic,C1,5000
reputation,B2,3000
request,B1,3000
require,B1,3000
requirement,B2,3000
rescue,B2,3000
researcher,A2,3000
resemble,C1,5000
reservation,B1,3000
reside,C1,5000
residence,C1,5000
residential,C1,5000
residue,C1,5000
resign,B2,5000
resignation,C1,5000
resistance,C1,5000
resolution,B2,5000
resource,B1,3000
respect,B1,3000
respective,C1,5000
respectively,C1,5000
responsibility,B1,3000
responsible,B1,3000
rest,A2,3000
restaurant,A1,3000
restoration,C1,5000
restore,B2,5000
restraint,C1,5000
restrict,B2,5000
restriction,B2,5000
result,A1,3000
resume,C1,5000
retail,B2,5000
retirement,B2,5000
retreat,C1,5000
retrieve,C1,5000
return,A1,3000
revelation,C1,5000
revenge,C1,5000
revenue,B2,5000
reverse,C1,5000
review,A2,3000
revise,B1,3000
revision,B2,5000
revival,C1,5000
revive,C1,5000
revolutionary,C1,5000
rhetoric,C1,5000
rice,A1,3000
rich,A1,3000
ride,A2,3000
ridiculous,B2,5000
right,A2,3000
risky,B2,5000
rival,B2,5000
river,A1,3000
rob,B2,5000
robbery,B2,5000
rock,A2,3000
rocket,B2,5000
role,A2,3000
romance,B2,5000
romantic,B1,3000
roof,A2,3000
rope,B1,3000
rose,B2,5000
roughly,B2,5000
route,A2,3000
ruin,B2,5000
safe,A2,3000
sandwich,A1,3000
satisfaction,B2,5000
saturday,A1,3000
sb/sth,A1,3000
scandal,B2,5000
scare,B2,5000
scenario,B2,5000
sceptical,C1,5000
scholar,B2,5000
scholarship,B2,5000
scientific,B1,3000
scope,C1,5000
scratch,B2,5000
screening,B2,5000
script,B1,3000
sculpture,B1,3000
secondary,B1,3000
secondly,A2,3000
secret,A2,3000
secretary,A2,3000
section,A1,3000
security,B1,3000
seeker,B2,5000
seem,A2,3000
seemingly,C1,5000
segment,C1,5000
selective,C1,5000
seminar,B2,5000
senator,C1,5000
sensation,C1,5000
sensible,B1,3000
sensitivity,C1,5000
sentence,B2,3000
sentiment,C1,5000
separate,A2,3000
separation,C1,5000
september,A1,3000
sequence,B2,3000
series,A2,3000
seriously,B1,3000
servant,B1,3000
serve,A2,3000
set,B1,3000
set-up,C1,5000
setting,B1,3000
settlement,C1,5000
settler,B2,5000
seventeen,A1,3000
seventy,A1,3000
several,A2,3000
severely,B2,5000
sex,B1,3000
sexy,B2,5000
shadow,B2,3000
shake,A2,3000
shall,A2,3000
shallow,B2,3000
shame,B2,3000
shape,A2,3000
shaped,B2,5000
shareholder,C1,5000
shatter,C1,5000
sheet,A2,3000
shelter,B2,3000
shift,B2,3000
ship,B2,3000
shocked,B2,3000
shocking,B2,5000
shooting,B2,3000
shore,B2,5000
short-term,B2,5000
shortage,B2,5000
shortly,B2,5000
shoulder,A2,3000
shout,A2,3000
shut,A2,3000
sibling,B2,5000
side,A2,3000
sign,A2,3000
signature,B2,5000
significance,B2,5000
significant,B2,3000
significantly,B2,3000
silence,B2,3000
simulation,C1,5000
simultaneously,C1,5000
sin,C1,5000
singing,A2,3000
situated,C1,5000
sketch,C1,5000
skilled,B2,5000
skip,C1,5000
skull,B2,5000
slap,C1,5000
slave,B2,3000
slavery,C1,5000
slogan,B2,5000
smartphone,A2,3000
so-called,B2,5000
socialist,C1,5000
sole,C1,5000
solely,C1,5000
solicitor,C1,5000
solidarity,C1,5000
solo,C1,5000
somebody,A1,3000
somehow,B2,5000
someone,A1,3000
something,A1,3000
sometime,B2,5000
sometimes,A1,3000
somewhat,B2,3000
sophisticated,B2,5000
sort,A2,3000
soul,B2,3000
sound,A1,3000
sovereignty,C1,5000
space,A1,3000
spam,C1,5000
span,C1,5000
spare,B2,5000
specialize,B2,5000
specialized,C1,5000
species,B2,3000
specific,A2,3000
specifically,B1,3000
specification,C1,5000
specify,B2,5000
specimen,C1,5000
spectacle,C1,5000
spectacular,B2,5000
spectator,B2,5000
spectrum,C1,5000
speculate,B2,5000
speculation,B2,5000
speech,A2,3000
speed,A2,3000
spell,C1,5000
spending,B1,3000
sphere,C1,5000
spice,B2,5000
spider,A2,3000
spill,B2,5000
spin,C1,5000
spine,C1,5000
spiritual,B2,3000
spite,B2,5000
split,B2,3000
spoil,B2,5000
spokesman,B2,5000
spokesperson,B2,5000
spokeswoman,B2,5000
sponsor,B2,3000
sponsorship,B2,5000
spoon,A2,3000
sporting,B2,5000
spot,B2,3000
spotlight,C1,5000
spouse,C1,5000
spy,C1,5000
squad,C1,5000
square,A2,3000
squeeze,C1,5000
stab,C1,5000
stability,C1,5000
stabilize,C1,5000
stage,A2,3000
stair,A2,3000
stake,C1,5000
stall,B2,5000
stance,B2,5000
standing,C1,5000
stark,C1,5000
starve,B2,5000
statement,A1,3000
station,A1,3000
statistical,C1,5000
steadily,B2,5000
steam,B2,5000
steer,C1,5000
stem,C1,5000
stereotype,C1,5000
stick,B1,3000
still,B1,3000
stimulate,B2,5000
stimulus,C1,5000
stir,C1,5000
stone,A2,3000
storage,C1,5000
straight,A2,3000
strange,A2,3000
strategy,A2,3000
strengthen,B2,5000
stress,A2,3000
stretch,B2,3000
strict,B2,3000
strictly,B2,5000
strip,C1,5000
strive,C1,5000
stroke,B2,5000
strong,A1,3000
structure,A2,3000
struggle,B2,3000
student,A1,3000
study,A1,3000
stuff,B2,3000
stunning,B2,5000
stupid,A2,3000
style,A1,3000
subject,A1,3000
submit,B2,3000
subsequent,B2,5000
subsequently,B2,5000
subtle,C1,5000
suburb,B2,5000
suburban,C1,5000
succeed,A2,3000
success,A1,3000
successful,A2,3000
successfully,B1,3000
succession,C1,5000
successive,C1,5000
successor,C1,5000
such,A2,3000
suck,C1,5000
sudden,B1,3000
suddenly,A2,3000
sue,C1,5000
suffering,B2,5000
sufficient,B2,5000
sufficiently,B2,5000
sugar,A1,3000
suggest,A2,3000
suggestion,A2,3000
suit,A2,3000
summer,A1,3000
sun/a,A1,3000
super,B2,5000
supermarket,A1,3000
supervision,C1,5000
supervisor,C1,5000
supplement,C1,5000
supply,B1,3000
support,A2,3000
supporter,B1,3000
supportive,C1,5000
suppose,A2,3000
supposedly,C1,5000
suppress,C1,5000
sure,A1,3000
surely,B1,3000
surface,B1,3000
surgeon,B2,5000
surgery,B2,3000
surprise,A2,3000
surprised,A2,3000
surprising,A2,3000
surround,B2,3000
surrounding,B2,3000
surveillance,C1,5000
survey,A2,3000
survival,B2,5000
survive,B1,3000
survivor,B2,5000
suspect,B2,3000
suspend,B2,5000
suspension,C1,5000
suspicion,C1,5000
sustainable,B2,5000
swallow,B2,5000
swear,B2,3000
sweater,A1,3000
sweet,A2,3000
swim,A1,3000
swimming,A1,3000
switch,B1,3000
symbol,A2,3000
sympathetic,B2,5000
sympathy,B2,3000
symptom,B1,3000
syndrome,C1,5000
system,A2,3000
table,A1,3000
tablet,A2,3000
tackle,B2,5000
tag,B2,5000
tail,B1,3000
take,A1,3000
tale,B2,3000
talent,B1,3000
talented,B1,3000
talk,A2,3000
tap,B2,5000
tape,B1,3000
teacher,A1,3000
teaching,A2,3000
team,A1,3000
technical,B1,3000
technique,B1,3000
technological,B2,5000
technology,A2,3000
teenage,A2,3000
teenager,A1,3000
teens,B2,5000
telephone,A1,3000
television,A1,3000
tell,A1,3000
temperature,A2,3000
temple,B2,5000
temporarily,B2,5000
temporary,B2,3000
ten,A1,3000
tend,B1,3000
tendency,B2,5000
tension,B2,5000
tent,B1,3000
term,A2,3000
terminal,B2,5000
terms,B2,5000
terribly,B2,5000
terrify,B2,5000
territory,B2,5000
terror,B2,5000
terrorism,B2,5000
terrorist,B2,5000
testing,B2,5000
text,A2,3000
textbook,B2,5000
that,A1,3000
theatre,A1,3000
theatrical,C1,5000
theft,B2,5000
their,A1,3000
themselves,A2,3000
therapist,B2,5000
therapy,B2,3000
thereafter,C1,5000
thesis,B2,5000
thick,A2,3000
thinking,A2,3000
thirsty,A1,3000
thirteen,A1,3000
thirty,A1,3000
thorough,B2,5000
thoroughly,B2,5000
thought-provoking,C1,5000
thoughtful,C1,5000
thousand,A1,3000
thread,C1,5000
threat,B2,3000
threaten,B2,3000
three,A1,3000
throat,B1,3000
through,A1,3000
throw,A2,3000
thumb,B2,5000
thursday,A1,3000
thus,B2,3000
ticket,A1,3000
tight,B1,3000
time,B2,3000
timing,B2,5000
tissue,B2,5000
to,A1,3000
today,A1,3000
together,A1,3000
toilet,A1,3000
tomato,A1,3000
ton,B2,5000
tonight,A1,3000
tonne,B2,5000
top,C1,5000
tough,B2,3000
tournament,B2,5000
towards,A2,3000
towel,A2,3000
tower,A2,3000
trace,B2,5000
track,A2,3000
trademark,C1,5000
trading,B2,5000
tradition,A2,3000
traditional,A2,3000
tragedy,B2,5000
tragic,B2,5000
train,A2,3000
trainer,A2,3000
trait,B2,5000
transaction,C1,5000
transcript,C1,5000
transfer,B2,3000
transform,B2,3000
transformation,C1,5000
transit,C1,5000
transition,B2,3000
translation,B1,3000
transmission,C1,5000
transmit,B2,5000
transparency,C1,5000
transparent,C1,5000
transport,B1,3000
transportation,B2,5000
trap,B2,5000
trauma,C1,5000
treasure,B2,5000
tremendous,C1,5000
trial,B2,3000
tribal,C1,5000
tribe,B2,5000
tribunal,C1,5000
tribute,C1,5000
trigger,B2,5000
trillion,B2,5000
trip,B2,3000
troop,B2,5000
trophy,C1,5000
trouble,B2,3000
troubled,C1,5000
trustee,C1,5000
tsunami,B2,5000
ultimate,B2,5000
ultimately,B2,3000
unacceptable,B2,5000
uncertainty,B2,5000
uncomfortable,B1,3000
unconscious,B2,3000
undergo,B2,5000
undergraduate,C1,5000
underground,A2,3000
underlying,C1,5000
undermine,C1,5000
understand,A1,3000
understanding,A2,3000
undertake,B2,5000
underwear,B1,3000
undoubtedly,C1,5000
unemployed,B1,3000
unemployment,B1,3000
unexpected,B2,3000
unfair,B1,3000
unfold,B2,5000
unfortunate,B2,5000
unfortunately,A2,3000
unhappy,A2,3000
uniform,A2,3000
unify,C1,5000
unique,B2,3000
unit,A2,3000
unite,B2,5000
united,A2,3000
unity,B2,5000
universal,B2,5000
universe,B2,3000
university,A1,3000
unknown,B2,3000
unnecessary,B1,3000
unpleasant,B1,3000
unprecedented,C1,5000
unusual,A2,3000
unveil,C1,5000
upcoming,C1,5000
update,B1,3000
upgrade,C1,5000
uphold,C1,5000
upper,B2,3000
upstairs,A2,3000
upwards,B2,3000
urban,B2,3000
urgent,B2,5000
usage,B2,5000
use,A2,3000
used,A2,3000
useless,B2,5000
user,A2,3000
utility,C1,5000
utilize,C1,5000
utterly,C1,5000
vacuum,C1,5000
vague,C1,5000
valid,B2,5000
validity,C1,5000
van,A2,3000
vanish,C1,5000
variable,C1,5000
variation,B2,5000
varied,C1,5000
various,B1,3000
vehicle,A2,3000
vein,C1,5000
venture,C1,5000
verbal,C1,5000
verdict,C1,5000
verify,C1,5000
version,B1,3000
vertical,B2,5000
vessel,C1,5000
veteran,C1,5000
viable,C1,5000
vibrant,C1,5000
vice,C1,5000
victim,B1,3000
viewpoint,B2,5000
villager,C1,5000
violate,C1,5000
violation,C1,5000
violence,B2,3000
violent,B1,3000
virtual,B2,3000
virtue,C1,5000
visa,B2,5000
visible,B2,5000
vision,B2,3000
volume,B2,3000
voluntary,B2,5000
volunteer,B1,3000
vote,B1,3000
voting,B2,5000
vulnerability,C1,5000
vulnerable,C1,5000
wander,B2,5000
ward,C1,5000
warehouse,C1,5000
warfare,C1,5000
warm,B1,3000
warming,B2,5000
warn,B1,3000
warrant,C1,5000
warrior,C1,5000
washing,A2,3000
water,B1,3000
wave,A2,3000
weaken,C1,5000
weakness,B2,3000
wealth,B2,3000
wealthy,B2,3000
weave,C1,5000
wedding,A2,3000
weekly,B2,5000
weight,A2,3000
weird,B2,5000
welcome,A2,3000
welfare,B2,5000
well,A1,3000
well-being,C1,5000
west,A1,3000
whatever,B1,3000
whatsoever,C1,5000
wheat,B2,5000
whenever,B1,3000
where,A1,3000
whereas,B2,3000
whereby,C1,5000
wherever,B2,3000
whether,B1,3000
while,B1,3000
whilst,C1,5000
whip,C1,5000
whisper,B2,3000
who,A1,3000
whoever,B2,5000
whole,A2,3000
wholly,C1,5000
whom,B2,3000
whose,A2,3000
why,A1,3000
wide,A2,3000
widely,B2,3000
widen,C1,5000
widespread,B2,5000
widow,C1,5000
width,C1,5000
wild,A2,3000
wildlife,B2,3000
willing,B2,3000
willingness,C1,5000
win,A1,3000
wind1,A2,3000
wind2,B2,3000
wine,A1,3000
winner,A2,3000
wipe,C1,5000
wisdom,B2,5000
wish,A2,3000
wit,C1,5000
withdraw,B2,5000
withdrawal,C1,5000
without,A1,3000
witness,B2,3000
woman,A1,3000
wonder,B1,3000
wonderful,A1,3000
wood,A2,3000
wooden,A2,3000
word,A1,3000
work,A1,3000
worker,A1,3000
workforce,B2,5000
working,A2,3000
workout,C1,5000
workplace,B2,5000
workshop,B2,5000
world,A1,3000
worm,B2,5000
worried,A2,3000
worry,A2,3000
worse,A2,3000
worship,C1,5000
worst,A2,3000
worthwhile,C1,5000
worthy,C1,5000
would,A1,3000
wow,A2,3000
wrap,B2,3000
wrist,B2,5000
write,A1,3000
writer,A1,3000
wrong,A1,3000
year,A1,3000
yes,A1,3000
yesterday,A1,3000
yet,A2,3000
you,A1,3000
young,A1,3000
youngster,C1,5000
your,A1,3000
yours,A2,3000
yourself,A1,3000
zero,A2,3000
