title,title_kr,title_en,genre,age_rating,director,release_year,running_time,story,subs_path,img_path,type
About.Time,어바웃 타임,About Time,"드라마, 로맨스, 판타지, SF, 코미디, Made in Europe",15,Richard Curtis,2013,2시간 3분,"모태솔로 팀(돔놀 글리슨)은 성인이 된 날, 아버지(빌 나이)로부터 놀랄만한 가문의 비밀을 듣게 된다.  바로 시간을 되돌릴 수 있는 능력이 있다는 것!  그것이 비록 히틀러를 죽이거나 여신과 뜨거운 사랑을 할 수는 없지만,  여자친구는 만들어 줄 순 있으리..  꿈을 위해 런던으로 간 팀은 우연히 만난 사랑스러운 여인 메리에게 첫눈에 반하게 된다.  그녀의 사랑을 얻기 위해 자신의 특별한 능력을 마음껏 발휘하는 팀.  어설픈 대시, 어색한 웃음은 리와인드! 뜨거웠던 밤은 더욱 뜨겁게 리플레이!  꿈에 그리던 그녀와 매일매일 최고의 순간을 보낸다.  하지만 그와 그녀의 사랑이 완벽해질수록 팀을 둘러싼 주변 상황들은 미묘하게 엇갈리고,  예상치 못한 사건들이 여기저기 나타나기 시작하는데…  어떠한 순간을 다시 살게 된다면, 과연 완벽한 사랑을 이룰 수 있을까? ",https://netflixschool-script-csv.s3.amazonaws.com/About.Time_2013.csv,https://netflixschool-posters.s3.amazonaws.com/About.Time_2013.jpg,1
Arthur.Christmas,아더 크리스마스,Arthur Christmas,"드라마, 코미디, 가족, 판타지, 애니메이션",All,Sarah Smith,2011,1시간 37분,"광활한 북극, 거대한 빙산 아래 1,000년의 역사를 이어온 산타 왕국. 할아버지의 할아버지 때부터 이어져 내려온 산타의 임무는 바로 크리스마스 이브 단 하루 동안 전세계로 20억 개의 선물을 배달하는 것. 하지만 올 겨울, 실수로 한 아이의 선물이 배달되지 못하는 사고가 벌어지고, 산타 가족의 막내 ‘아더’가 이 사실을 알게 된다. ‘크리스마스 아침이 오기 전 마지막 선물을 배달하라!’ 는 미션아래, 눈과 사슴 알러지, 고소공포증까지 가진 ‘허당 산타’ 아더와 은퇴한 지 오래지만 여전히 팔팔한 ‘왕산타’ 할배, 그리고 160만 요정군단 중 최정예 ‘포장의 달인’ 브라이오니의 선물 배달 미션 임파서블이 시작 되는데… ",https://netflixschool-script-csv.s3.amazonaws.com/Arthur.Christmas_2011.csv,https://netflixschool-posters.s3.amazonaws.com/Arthur.Christmas_2011.jpg,1
Baby.Driver,베이비 드라이버,Baby Driver,"액션, 범죄, 드라마, 음악, 스릴러",15,Edgar Wright,2017,1시간 53분,"베이비(앤설 엘고트)는 탈출 전문 드라이버다. 은행 강도 등 범죄의 설계자인 박사(케빈 스페이스)에게 약점이 잡혀 일을 하고 있지만 손을 씻고 새로운 생활을 꿈꾼다. 어린 시절 교통사고를 당해 청력에 이상이 생긴 베이비는 이어폰을 끼고 음악을 들으며 안정을 유지한다. 어느 날 자주 가는 식당에서 종업원인 데보라(릴리 제임스)를 만나 마음을 나누는 베이비. 하지만 마지막인 줄 알았던 범죄는 그의 발목을 놓아주지 않고 배츠(제이미 폭스), 버디(존 햄), 달링(에이사 곤살레스)과 함께 최후의 한탕을 준비한다. ",https://netflixschool-script-csv.s3.amazonaws.com/Baby.Driver_2017.csv,https://netflixschool-posters.s3.amazonaws.com/Baby.Driver_2017.jpg,1
Bad.Boys,나쁜 녀석들,Bad Boys,"범죄, 스릴러, 액션, 코미디",18,Michael Bay,1995,1시간 58분,"멋쟁이 총각 마이크 라우리(윌 스미스)와 공처가이며 세 아이 아버지인 마커스 버넷(마틴 로렌스)은 마이애미의 마약수사반 경찰이다. 각각 바람둥이와 착실한 가장인 이들은 서로 대조적인 성격이지만 손발이 잘 맞는 파트너이다. 그러던 중 72시간 안에 경찰서 증거물 보관 창고에서 도둑 맞은 헤로인을 찾아오라는 마약반 반장의 명령을 받은 이들에게 전화 한 통이 걸려 온다. 전화를 건 여자가 원하는 사람은 라우리였지만 대신 버젯이 라우리인 척 전화를 받고 라우리 행세를 한다. 이 때부터 사건이 꼬이기 시작하는데, 경찰서 증거물 보관창고에서 헤로인이 사라진 사건 이후 섹시한 목격자가 나타나면서 사건의 꼬임은 더욱 심화된다. ",https://netflixschool-script-csv.s3.amazonaws.com/Bad.Boys_1995.csv,https://netflixschool-posters.s3.amazonaws.com/Bad.Boys_1995.jpg,1
Bee.Movie,꿀벌 대소동,Bee Movie,"애니메이션, 로맨스, 판타지, 코미디, 드라마, 가족",All,Simon J. Smith,2007,1시간 31분,"용감하지만 사고뭉치 꿀벌인 ‘배리’는 평생 꿀만 만들며 반복되는 삶을 살아야 한다는 꿀벌의 운명에 회의를 느끼고, 벌집 밖으로의 위험한 여정을 강행한다. 얼굴만큼 마음도 예쁜 꽃집 아가씨 ‘바네사’를 만나 위험천만 인간세상에서 구사일생으로 목숨을 건진 배리는 꿀벌 세계의 규율을 어기고 그녀와 대화를 시도, 친구가 된다.  꿀벌 세상과 친구들의 충고도 뒤로 한 채 바네사와 함께 그 동안 알지 못했던 바깥세상의 재미를 배워가던 배리의 즐거운 시간도 잠시, 우연히 꿀벌이 힘들게 만들어 놓은 꿀을 인간들이 공짜로 먹고 있다는 사실을 알게 되고, 바네사와 함께 그들만의 ‘꿀’을 되찾아 오기 위한 인간들과의 전쟁을 선포하게 되는데.. ",https://netflixschool-script-csv.s3.amazonaws.com/Bee.Movie_2007.csv,https://netflixschool-posters.s3.amazonaws.com/Bee.Movie_2007.jpg,1
Ben.Platt.Live.from.Radio.City.Music.Hall,벤 플랫: 라디오 시티 뮤직홀 라이브,Ben Platt: Live from Radio City Music Hall,"음악, 다큐멘터리",All,Alex Timbers,2020,1시간 25분,"풀 밴드의 라이브 연주, 위트 넘치는 멘트, 그리고 그의 감미로운 노래. 데뷔 앨범 《Sing to Me Instead》를 발표한 배우 벤 플랫이 음악과 함께 그의 인생을 들려준다. ",https://netflixschool-script-csv.s3.amazonaws.com/Ben.Platt.Live.from.Radio.City.Music.Hall_2020.csv,https://netflixschool-posters.s3.amazonaws.com/Ben.Platt.Live.from.Radio.City.Music.Hall_2020.jpg,1
Constantine,콘스탄틴,Constantine,"판타지, 공포, 액션",15,Francis Lawrence,2005,2시간 1분,"인간의 형상을 한 혼혈 천사와 혼혈 악마가 존재하는 세상. 태어날 때부터 그들을 구분하는 능력을 타고난 존 콘스탄틴은 자신의 능력을 저주하며 운명에서 벗어나기 위해 자살을 시도하지만 실패하고 만다. 그 후 다시 살아난 그는 천국과 지옥의 경계를 넘나들며 세상에 존재하는 악을 지옥으로 돌려보내기에 나선다. 그래야만 지옥으로 가게 되어 있는 자신의 운명이 뒤바뀌어 천국으로 들어갈 수 있음을 깨달았기 때문이다. 술, 담배에 쩔어 살면서 계속되는 전투에 지쳐만 가던 콘스탄틴. 그런 그에게 어느 날, LA 강력계 소속의 형사 안젤라가 찾아와 쌍둥이 동생의 죽음에 대한 의문을 풀기 위해 도움을 요청한다. 그러나 사건을 파헤칠수록 거대한 어둠의 힘 속으로 빨려 들게 되는데... ",https://netflixschool-script-csv.s3.amazonaws.com/Constantine_2005.csv,https://netflixschool-posters.s3.amazonaws.com/Constantine_2005.jpg,1
Dolittle,닥터 두리틀,Dolittle,"판타지, 코미디, 가족",All,Stephen Gaghan,2020,1시간 41분,"동물들과 소통하는 특별한 능력을 지닌 닥터 두리틀은 사랑하는 사람을 잃고 세상과 단절한 채 동물들과 친구가 되어 살아간다. 어느 날, 여왕에게 알 수 없는 불치병이 생기고 왕국마저 위험에 빠지게 되자, 그의 놀라운 능력만이 모든 것을 해결할 수 있음을 알게 된다. 세상을 구하기 위해서는 반드시 주어진 시간 안에 누구도 가보지 못했던 신비의 섬을 찾아내야만 하고, 두리틀은 친구들과 함께 위험천만한 모험을 떠나게 되는데… ",https://netflixschool-script-csv.s3.amazonaws.com/Dolittle_2020.csv,https://netflixschool-posters.s3.amazonaws.com/Dolittle_2020.jpg,1
Dracula.Untold,드라큘라: 전설의 시작,Dracula Untold,"판타지, 드라마, 공포, 전쟁, 액션",15,Gary Shore,2014,1시간 32분,"강인한 군주이자 아버지 그리고 위대한 영웅, 드라큘라 백작은 백성들을 평화로 다스리며 절대적인 신임을 받는다.  하지만 막강한 군대를 앞세운 투르크 제국의 술탄이 세상을 정복하기 위한 야욕을 드러내며 복종의 대가로  사내아이 1천 명을 요구하자, 분노한 드라큘라는 그들과의 전쟁을 선포한다.  압도적인 전력의 투르크 대군을 물리치기 위한 유일한 방법으로 그는 전설 속 악마를 찾아가  절대적인 힘을 얻고 자신을 담보로 한 위험한 계약을 하고 만다.  스스로 어둠의 존재가 되는 것을 선택한 그에게 주어진 시간은 단 3일.  피할 수 없는 악마의 저주로부터 벗어나 그는 세상을 구원할 영웅이 될 수 있을 것인가… ",https://netflixschool-script-csv.s3.amazonaws.com/Dracula.Untold_2014.csv,https://netflixschool-posters.s3.amazonaws.com/Dracula.Untold_2014.jpg,1
Enola.Holmes,에놀라 홈즈,Enola Holmes,"스릴러, 범죄, 액션, 드라마",12,Harry Bradbeer,2020,2시간 3분,"열여섯 생일을 맞은 셜록의 여동생, 에놀라 홈즈. 사라진 엄마를 찾아 런던으로 향한다. 명석한 두뇌의 대명사인 오빠까지 따돌리고, 위험에 빠진 귀족 청년의 미스터리와 엮이는데. 사건을 추적하며, 홈즈 가문답게 예리한 추리력이 폭발한다. 미스터리 가득한 이 모험, 무사히 마칠 수 있을까? ",https://netflixschool-script-csv.s3.amazonaws.com/Enola.Holmes_2020.csv,https://netflixschool-posters.s3.amazonaws.com/Enola.Holmes_2020.jpg,1
How.to.Be.Single,하우 투 비 싱글,How to Be Single,"로맨스, 드라마, 코미디",15,Christian Ditter,2016,1시간 45분,"싱글 라이프를 즐기는 옳은 방법이 있고, 틀린 방법이 있다. 그리고 앨리스처럼 보내는 방법도 있다. 로빈, 루시, 메그, 톰, 데이빗 같은 싱글도 있다. 사랑의 도시 뉴욕에는 연애 중이거나, 짝을 찾는 중이거나, 작업을 거는 바람둥이이거나 썸을타는 외로운 영혼들로 가득하다.  상대방을 유혹하는 문자와 원나잇스탠드가 즐비한 뉴욕의 밤을 즐기는 미혼자들이 알아야 할 것은 사랑을 정의하는 많은 것들 가운데서 어떻게 싱글 생활을 잘 지낼 수 있느냐다.  잠들지 않는 도시에서 잠에 들지 않는 법 ! ",https://netflixschool-script-csv.s3.amazonaws.com/How.to.Be.Single_2016.csv,https://netflixschool-posters.s3.amazonaws.com/How.to.Be.Single_2016.jpg,1
In.Time,인 타임,In Time,"스릴러, SF, 드라마, 범죄, 액션",12,Andrew Niccol,2011,1시간 49분,"커피 1잔.. 4분, 권총 1정.. 3년, 스포츠카 1대.. 59년!  모든 비용은 시간으로 계산된다!!  근 미래, 모든 인간은 25세가 되면 노화를 멈추고, 팔뚝에 새겨진 ‘카운트 바디 시계’에 1년의 유예 시간을 제공받는다. 이 시간으로 사람들은 음식을 사고, 버스를 타고, 집세를 내는 등, 삶에 필요한 모든 것을 시간으로 계산한다. 하지만, 주어진 시간을 모두 소진하고 13자리 시계가 0이 되는 순간, 그 즉시 심장마비로 사망한다. 때문에 부자들은 몇 세대에 걸쳐 시간을 갖고 영생을 누릴 수 있게 된 반면, 가난한 자들은 하루를 겨우 버틸 수 있는 시간을 노동으로 사거나, 누군가에게 빌리거나, 그도 아니면 훔쳐야만 한다.  돈으로 거래되는 인간의 수명!  “살고 싶다면, 시간을 훔쳐라!!”  윌 살라스(저스틴 팀버레이크)는 매일 아침 자신의 남은 시간을 보며 충분한 양의 시간을 벌지 못하면, 더는 살 수 없다는 사실을 깨달으며 눈을 뜬다. 그러던 어느 날, 수천 년을 살수 있는 헤밀턴이란 남자를 위험에서 구해준 윌은 그에게서 소수의 영생을 위해 다수가 죽어야 하는 현 시스템의 비밀을 듣게 되지만, 그 남자가 100년의 시간을 물려주고 시체로 발견되면서 졸지에 살인자의 누명을 쓰고 쫓기게 된다. 사람들의 눈을 피해 부자들만이 모여 사는 ‘뉴 그리니치’로 잠입한 그는 끈질긴 타임 키퍼 리온(킬리언 머피)의 추적으로 체포될 위기를 맞지만, 와이스 금융사의 회장 딸인 실비아(아만다 사이프리드)를 인질로 삼아 간신히 탈출한다. 이때부터 윌은 실비아와 함께 누명을 벗고 전세계를 통제하는 시스템의 비밀을 파헤치려 하는데… ",https://netflixschool-script-csv.s3.amazonaws.com/In.Time_2011.csv,https://netflixschool-posters.s3.amazonaws.com/In.Time_2011.jpg,1
Inception,인셉션,Inception,"액션, SF, 스릴러",12,Christopher Nolan,2010,2시간 28분,"타인의 꿈과 접속해 생각을 빼낼 수 있는 근미래, 돔 코브는 꿈의 보안 프로그래머이자 동시에 침입자다. 그는 일본인 사업가 사이토의 제안에 따라 거대 합병 기업의 총수가 될 피셔의 꿈을 설계하여 기업 합병을 막으려 든다. 그 일을 성사시키면 코브는 사이토의 도움으로 아내의 살해범으로 몰린 자신의 누명을 뒤로 하고 사랑스런 자녀들이 있는 집으로 돌아갈 수 있다. 마침내 코브 일행은 꿈 안의 꿈 안의 또 꿈이라는 경로를 거치며 피셔의 꿈과 무의식 깊숙한 곳을 설계하고 침투한다. ",https://netflixschool-script-csv.s3.amazonaws.com/Inception_2010.csv,https://netflixschool-posters.s3.amazonaws.com/Inception_2010.jpg,1
Interstellar,인터스텔라,Interstellar,"액션, 드라마, SF, 스릴러",12,Christopher Nolan,2014,2시간 49분,"세계 각국의 정부와 경제가 완전히 붕괴된 미래가 다가온다. 지난 20세기에 범한 잘못이 전 세계적인 식량 부족을 불러왔고, NASA도 해체되었다. 나사 소속 우주비행사였던 쿠퍼는 지구에 몰아친 식량난으로 옥수수나 키우며 살고 있다. 거센 황사가 몰아친 어느 날 알 수 없는 힘에 이끌려 딸과 함께 도착한 곳은 인류가 이주할 행성을 찾는 나사의 비밀본부. 이 때 시공간에 불가사의한 틈이 열리고, 이 곳을 탐험해 인류를 구해야 하는 임무를 위해 쿠퍼는 만류하는 딸을 뒤로한 채 우주선에 탑승하는데... ",https://netflixschool-script-csv.s3.amazonaws.com/Interstellar_2014.csv,https://netflixschool-posters.s3.amazonaws.com/Interstellar_2014.jpg,1
It_s.Complicated,사랑은 너무 복잡해,It's Complicated,"로맨스, 코미디, 드라마, Made in Europe",18,Nancy Meyers,2009,2시간 1분,"베이커리 숍을 운영하며 사회적으로 성공한 이혼녀 제인. 안정된 생활을 유지해가던 그녀에게 어느 날, 20살 어린 젊은 여자와 재혼한 전 남편 제이크가 찾아온다. 점점 결혼 전 연애시절을 돌이키려는 제이크. 이와 동시에 제인의 집 인테리어 공사를 맡은 건축가 아담이 제인에게 조금씩 호감을 보이는데… ",https://netflixschool-script-csv.s3.amazonaws.com/It_s.Complicated_2009.csv,https://netflixschool-posters.s3.amazonaws.com/It_s.Complicated_2009.jpg,1
Jumanji_.Welcome.to.the.Jungle,쥬만지: 새로운 세계,Jumanji: Welcome to the Jungle,"판타지, 액션, 코미디",12,Jake Kasdan,2017,1시간 59분,"학교 창고를 청소하다가 낡은 ‘쥬만지’ 비디오 게임을 발견한 네 명의 아이들. 게임 버튼을 누르는 순간 화면 속으로 빨려 들어가버렸다! 거대한 몸집의 고고학자 닥터 브레이브스톤(드웨인 존슨)으로 변한 공부벌레 스펜서, 슈퍼 여전사 루비 라운드하우스(카렌 길런)가 된 운동신경 제로 마사, 저질체력의 동물학 전문가 무스 핀바(케빈 하트)가 된 예비 풋볼선수 프리지, 중년의 지도 연구학 교수 셸리 오베론(잭 블랙)으로 변해버린 SNS 중독 퀸카 베서니까지. 이들은 자신의 아바타가 가진 능력으로 게임 속 세계를 구하는 미션을 수행하고 현실로 돌아가야만 하는데…. ",https://netflixschool-script-csv.s3.amazonaws.com/Jumanji_.Welcome.to.the.Jungle_2017.csv,https://netflixschool-posters.s3.amazonaws.com/Jumanji_.Welcome.to.the.Jungle_2017.jpg,1
Kill.Bill_.Vol..1,킬 빌: 1부,Kill Bill: Vol. 1,"범죄, 드라마, 스릴러, 액션",Limited,Quentin Tarantino,2003,1시간 51분,"어느 한적한 오후, 행복한 결혼식을 앞둔 더 브라이드와 그녀의 신랑, 그리고 모든 하객들이 의문의 조직에 의해 처참하게 살해당한다. 그로부터 5년 후, 코마상태의 더 브라이드는 죽음 직전까지 갔다가 어렵게 깨어난다. 그리고 피로 얼룩진 과거가 그녀의 뇌리에 스치면서 서서히 복수의 리스트를 작성하기 시작한다. 그녀는 전세계적으로 악명높은 살인조직 데들리 바이퍼의 일원이었고, 조직의 보스인 빌을 포함한 5명의 일원이 새로운 삶을 앞둔 그녀를 처참하게 무너뜨렸음이 밝혀지자, 그녀는 텍사스, 멕시코, 일본을 방문하며 가장 잔인한 복수를 실행하게 되는데... ",https://netflixschool-script-csv.s3.amazonaws.com/Kill.Bill_.Vol..1_2003.csv,https://netflixschool-posters.s3.amazonaws.com/Kill.Bill_.Vol..1_2003.jpg,1
Klaus,클라우스,Klaus,"코미디, 가족, 애니메이션, Made in Europe",All,Sergio Pablos,2019,1시간 36분,공기도 인심도 꽁꽁 얼어붙은 마을. 활기 넘치는 젊은 우체부와 세상을 등지고 장난감을 만드는 목수. 작은 장난감 선물로 냉기가 사라질 수 있을까. 전혀 어울리지 않는 둘의 우정이 차디찬 세상에 온기를 불어넣는다. 《슈퍼배드》 작가의 산타 탄생 이야기. ,https://netflixschool-script-csv.s3.amazonaws.com/Klaus_2019.csv,https://netflixschool-posters.s3.amazonaws.com/Klaus_2019.jpg,1
Kung.Fu.Panda,쿵푸팬더,Kung Fu Panda,"애니메이션, 가족, 코미디, 액션, 드라마, 판타지",All,Mark Osborne,2008,1시간 30분,"평화의 계곡에서 아버지의 국수 가게를 돕고 있는 팬더 포. 아버지는 국수의 비법을 알려주어 가업을 잇게 하고 싶지만, 포의 관심사는 오로지 쿵푸 마스터. 가게 일은 뒷전으로 하고 쿵푸의 비법이 적힌 용문서의 전수자를 정하는 무적의 5인방 대결을 보러 시합장을 찾은 포. 그런데 마을의 현인 우그웨이 대사부가 포를 용문서의 전수자로 점지하는 이변이 일어난다. 무적의 5인방은 물론 시푸 사부 역시 이 사태를 받아들이지 못하는 가운데, 용문서를 노리고 어둠의 감옥에서 탈출한 타이 렁이 마을을 습격해오자 그를 막아야 하는 미션이 포에게 떨어지는데... ",https://netflixschool-script-csv.s3.amazonaws.com/Kung.Fu.Panda_2008.csv,https://netflixschool-posters.s3.amazonaws.com/Kung.Fu.Panda_2008.jpg,1
Kung.Fu.Panda.2,쿵푸팬더 2,Kung Fu Panda 2,"애니메이션, 가족, 코미디, 드라마, 판타지, 액션",All,Jennifer Yuh Nelson,2011,1시간 30분,"그토록 원하던 용의 전사가 되어 무적의 5인방과 함께 평화의 계곡을 지키게 된 포. 진정한 용의 전사로 거듭나기 위해 시푸 사부와 쿵푸 수련에 매진하던 중, 셴 선생이 위대한 쿵푸 사부들을 하나 둘씩 제거하고 있다는 소식을 듣게 된다.  여전히 바람을 가르는 주먹의 소리보다 배에서 울리는 꼬르륵 소리가 더 크고, 오랜 숙적인 계단 앞에서는 맥을 못 추는 천방지축 팬더 포. 이제 막 정식 수련을 시작하려는 포에게 쿵푸를 지켜야 한다는 막중한 미션이 주어지고, 포는 무적의 5인방과 함께 길을 떠난다. 과연 포는 쿵푸의 대가들도 막지 못한 셴 선생의 비밀병기에 맞서 쿵푸를 지켜낼 수 있을까? ",https://netflixschool-script-csv.s3.amazonaws.com/Kung.Fu.Panda.2_2011.csv,https://netflixschool-posters.s3.amazonaws.com/Kung.Fu.Panda.2_2011.jpg,1
Kung.Fu.Panda.3,쿵푸팬더 3,Kung Fu Panda 3,"코미디, 액션, 드라마, 가족, 판타지, 애니메이션",All,Alessandro Carloni,2016,1시간 35분,"어느 날 우연히 어린 시절 잃어버렸던 진짜 팬더 아버지를 만난 포는 아버지 리와 함께 팬더들이 어울려 사는 비밀스러운 팬더 마을로 향한다. 자신 못지 않게 여유와 흥 넘치는 팬더들과 즐거운 시간을 보내는 포. 하지만 모든 쿵푸 마스터들을 제압하며 전세계를 위협하는 악당 카이의 등장으로 포는 예상치 못했던 불가능한 도전에 맞닥뜨리게 된다. 놀기 좋아하고, 먹는 게 행복이며, 덤벙대는 게 특기인 팬더 친구들에게  궁극의 쿵푸를 전수해야 하는 것.  쿵푸 훈련법 마스터에 나선 포의 팬더 인생 최대의 도전이 시작된다. ",https://netflixschool-script-csv.s3.amazonaws.com/Kung.Fu.Panda.3_2016.csv,https://netflixschool-posters.s3.amazonaws.com/Kung.Fu.Panda.3_2016.jpg,1
Madagascar_.Escape.2.Africa,마다가스카 2,Madagascar: Escape 2 Africa,"코미디, 가족, 애니메이션",All,Eric Darnell,2008,1시간 28분,"마다가스카 섬에서 좌충우돌 모험을 끝낸 뉴요커 4인방 사자 알렉스(벤 스틸러), 얼룩말 마티(크리스 락), 기린 멜먼(데이빗 쉼머), 하마 글로리아(제이다 핀켓 스미스)는 펭귄 특공대가 제작한 비행기 ‘에어 펭귄’을 타고 뉴욕으로 컴백하던 중 또 다시 미지의 세계에 불시착하게 된다. 이번에는 말로만 듣던 진짜 生 야생 ‘아프리카’! 그들은 각자 헤어졌던 가족, 새친구, 연인을 만나 生 야생에 적응해간다. 그러던 중, 평화롭던 아프리카에 가뭄이 찾아오고 뉴요커 4인방은 혼란에 빠진 아프리카를 구하기 위해 뭉치는데…  과연 함께해도 모자란 이들이 위기의 아프리카를 구할 수 있을까?  그리고 아프리카를 탈출해 무사히 집으로 돌아갈 수 있을까? ",https://netflixschool-script-csv.s3.amazonaws.com/Madagascar_.Escape.2.Africa_2008.csv,https://netflixschool-posters.s3.amazonaws.com/Madagascar_.Escape.2.Africa_2008.jpg,1
Matilda,마틸다,Matilda,"판타지, 코미디, 가족, Made in Europe",All,Danny DeVito,1996,1시간 38분,한심한 부모와 사악한 교장에 시달리던 어린 소녀가 새롭게 발견한 능력을 활용해 자신을 괴롭힌 이들에게 귀여운 복수를 시작한다. ,https://netflixschool-script-csv.s3.amazonaws.com/Matilda_1996.csv,https://netflixschool-posters.s3.amazonaws.com/Matilda_1996.jpg,1
Monty.Python.and.the.Holy.Grail,몬티 파이튼의 성배,Monty Python and the Holy Grail,"판타지, 코미디",12,Terry Gilliam,1975,1시간 31분,"아더왕은 영국 전역을 돌아다니며 자신들을 보좌할 기사들을 모집한다. 결국 용맹한 기사들 랑셀럿, 로빈, 베드베어 그리고 갈라드를 합류시킨 아더왕은 신의 계시에 따라 잃어버린 성배를 찾으러간다. 각각 흩어져 성배의 수색을 하지만 용맹한만큼 멍청하기도한 기사들은 성배를 찾기는 커녕 소동만을 일으키고 만다. ",https://netflixschool-script-csv.s3.amazonaws.com/Monty.Python.and.the.Holy.Grail_1975.csv,https://netflixschool-posters.s3.amazonaws.com/Monty.Python.and.the.Holy.Grail_1975.jpg,1
Morning.Glory,굿모닝 에브리원,Morning Glory,"코미디, 드라마, 로맨스",15,Roger Michell,2010,1시간 47분,지방방송국 PD였던 베키 풀러는 해고된 뒤 어렵게 메이저방송국에 취직한다. 하지만 그녀가 맡은 프로그램은 시청률 최저의 모닝쇼 ‘데이 브레이크’. 베키는 시청률을 올리기 위해 전설의 앵커 마이크 포메로이를 영입하지만 그것은 일생일대 최악의 선택이 되고 이로 인해 새로 시작된 사랑도 위기에 빠지는데… ,https://netflixschool-script-csv.s3.amazonaws.com/Morning.Glory_2010.csv,https://netflixschool-posters.s3.amazonaws.com/Morning.Glory_2010.jpg,1
Notting.Hill,노팅 힐,Notting Hill,"로맨스, 드라마, 코미디",12,Roger Michell,1999,2시간 4분,"윌리엄 태커(휴 그랜트분)는 웨스트 런던의 ‘노팅 힐’에 사는 소심한 남자. 역시 독신의 괴상한 친구 스파이크(리스 아이판스 분)와 함께 살고있는 그는, 노팅힐 시장 한쪽 구석에 위치한 조그마한 여행서적 전문점을 운영하며 살고 있다. 그에게는 미래에 대한 포부나 설계는 사치에 불과하다. 여느 때와 마찬가지로 무미건조한 하루를 보내고 있던 그는 세계적으로 유명한 인기 영화배우 안나 스콧(줄리아 로버츠 분)이 그의 책방 문을 열고 들어와 책을 사고 나가자 잠깐 동안에 일어난 이 엄청난 사건에 어쩔 줄을 모른다. ",https://netflixschool-script-csv.s3.amazonaws.com/Notting.Hill_1999.csv,https://netflixschool-posters.s3.amazonaws.com/Notting.Hill_1999.jpg,1
Passengers,패신저스,Passengers,"SF, 드라마, 로맨스, 스릴러",12,Morten Tyldum,2016,1시간 56분,"120년 후의 개척 행성으로 떠나는 초호화 우주선 아발론 호.  여기엔 새로운 삶을 꿈꾸는 5,258명의 승객이 타고 있다.  그러나 알 수 없는 이유로 인해 짐 프레스턴(크리스 프랫)과 오로라 레인(제니퍼 로렌스)은  90년이나 일찍 동면 상태에서 깨어나게 된다.  서서히 서로를 의지하게 되는 두 사람은  우주선에 치명적인 결함이 있다는 사실을 발견하게 되고,  마침내 그들이 남들보다 먼저 깨어난 이유를 깨닫게 되는데… ",https://netflixschool-script-csv.s3.amazonaws.com/Passengers_2016.csv,https://netflixschool-posters.s3.amazonaws.com/Passengers_2016.jpg,1
Penguins.of.Madagascar_.The.Movie,마다가스카의 펭귄,Penguins of Madagascar,"코미디, 애니메이션, 가족, SF",All,Eric Darnell,2014,1시간 32분,"넘치는 유머, 감쪽 같은 위장술, 똑소리 나는 브레인! 날 때부터 남달랐던 악동 펭귄 스키퍼, 코왈스키, 리코, 프라이빗! 어느 날 그들 앞에 복수심에 불타는 문어박사 옥토브레인이 나타나고, 그의 거대한 음모를 알게 된 펭귄 4총사는 비밀 조직 ‘노스윈드’와 함께 세상을 구할 사상 최대의 작전을 펼치는데…! ",https://netflixschool-script-csv.s3.amazonaws.com/Penguins.of.Madagascar_.The.Movie_2014.csv,https://netflixschool-posters.s3.amazonaws.com/Penguins.of.Madagascar_.The.Movie_2014.jpg,1
Prisoners,프리즈너스,Prisoners,"스릴러, 드라마, 범죄",18,Denis Villeneuve,2013,2시간 33분,"한가로운 휴일, 가족과 행복한 시간을 보내던 도버(휴 잭맨)와 버치(테렌스 하워드)는 자신들의 딸이 실종됐다는 사실을 뒤늦게 알아차린다. 곧바로 형사 로키(제이크 질렌홀)와 함께 존스(폴 다노)를 용의자로 지목하지만 그에게서는 어떤 증거도 찾을 수 없다. 완벽한 용의자를 의심하는 아빠는 홀로 그를 쫓기 시작하고, 형사는 세상에 숨겨진 진범을 찾기 위해 추적을 시작한다. 유력한 용의자를 범인이라고 믿는 아빠. 진짜 범인은 따로 있다고 믿는 형사. 각각 다른 방식으로 추적을 시작한 두 사람은 마침내 세상을 충격에 빠트릴 진실과 마주치게 되는데... ",https://netflixschool-script-csv.s3.amazonaws.com/Prisoners_2013.csv,https://netflixschool-posters.s3.amazonaws.com/Prisoners_2013.jpg,1
Second.Act,세컨드 액트,Second Act,"로맨스, 코미디, 드라마",15,Peter Segal,2018,1시간 43분,"대형 마트의 부매니저 마야. 실력은 뛰어나지만, 낮은 학력 때문에 승진의 벽에 부딪힌다. 좌절한 그녀에게 찾아온 인생 대반전의 기회. 마야의 새로운 전성기가 시작된다. ",https://netflixschool-script-csv.s3.amazonaws.com/Second.Act_2018.csv,https://netflixschool-posters.s3.amazonaws.com/Second.Act_2018.jpg,1
The.Accountant,어카운턴트,The Accountant,"드라마, 액션, 범죄, 스릴러",15,Gavin O'Connor,2016,2시간 8분,크리스찬 울프(벤 애플렉)는 동네 상점에서 혼자 ZZZ 공인회계사 사무소를 운영하는 회계사다. 언뜻 보기에 평범한 회계사 같지만 크리스찬을 찾는 고객에는 두 종류가 있다. 하나는 동네 주민이고 다른 하나는 거물급 범죄자들이다. 범죄자들을 고객으로 상대하며 때때로 크리스찬은 킬러의 역할을 맡기도 한다. 크리스찬이 새로 수임한 업무는 자금 횡령 의혹이 있는 벤처기업의 재무 조사. 처음 횡령 의혹을 제기한 사내 회계사 다나(안나 켄드릭)와 크리스찬은 점차 횡령보다 더 복잡한 사건이 배후에 있음을 깨닫는다. 한편 재무부 범죄전담반은 크리스찬이 여러 범죄 사건에 연루된 인물이라는 사실을 발견하고 조사를 요청하는데... ,https://netflixschool-script-csv.s3.amazonaws.com/The.Accountant_2016.csv,https://netflixschool-posters.s3.amazonaws.com/The.Accountant_2016.jpg,1
The.Boy.in.the.Striped.Pajamas,줄무늬 파자마를 입은 소년,The Boy in the Striped Pyjamas,"드라마, 역사, 전쟁",12,Mark Herman,2008,1시간 34분,"2차 대전을 배경으로 나치 장교의 아들이었던 소년 브루노가 아빠의 전근으로 베를린에서 폴란드로 이사를 가게 되는데 그의 아빠는 그저 군인이 아닌 나치의 최고 엘리트 장교 중 한 명. 농장이라고 생각했던 곳은 유대인들이 홀로코스트의 학대를 받은 아우슈비츠다. 숲 속을 거닐던 브루노는 철조망을 발견하게 되고 슈무얼이라는 동갑내기 유대인 소년을 만나 친구가 된다. 전쟁, 학살이라는 말조차 인식하지 못하는 순진무구한 소년들의 우정은 끔찍한 결말을 가져오게 되는데... ",https://netflixschool-script-csv.s3.amazonaws.com/The.Boy.in.the.Striped.Pajamas_2008.csv,https://netflixschool-posters.s3.amazonaws.com/The.Boy.in.the.Striped.Pajamas_2008.jpg,1
The.Dark.Knight,다크 나이트,The Dark Knight,"스릴러, 액션, 범죄, 드라마",15,Christopher Nolan,2008,2시간 32분,"범죄와 부정부패를 제거하여 고담시를 지키려는 배트맨. 그는 짐 고든 형사와 패기 넘치는 고담시 지방 검사 하비 덴트와 함께 도시를 범죄 조직으로부터 영원히 구원하고자 한다. 세 명의 의기투합으로 위기에 처한 악당들이 모인 자리에 보라색 양복을 입고 얼굴에 짙게 화장을 한 괴이한 존재가 나타나 배트맨을 죽이자는 사상 초유의 제안을 한다. 그는 바로 어떠한 룰도, 목적도 없는 사상 최악의 악당 미치광이 살인광대 조커. 배트맨을 죽이고 고담시를 끝장내버리기 위한 조커의 광기 어린 행각에 도시는 혼란에 빠지는데... ",https://netflixschool-script-csv.s3.amazonaws.com/The.Dark.Knight_2008.csv,https://netflixschool-posters.s3.amazonaws.com/The.Dark.Knight_2008.jpg,1
The.Departed,디파티드,The Departed,"스릴러, 범죄, 드라마",15,Martin Scorsese,2006,2시간 31분,남부 보스턴 매사추세츠 주 경찰청은 프랭크 코스텔로가 이끄는 막강한 세력을 지닌 보스턴 최대 범죄조직망을 일망타진하기 위해 신참 경찰 빌리 코스티건을 조직에 침투시킨다. 빌리가 경찰 뱃지를 반납하고 보스턴 길거리를 떠돌다 코스텔로의 신임을 얻기 위해 애쓰는 동안 또 다른 신참 콜린 설리반은 경찰청 내에서 승승장구하여 특별 수사반에 배치된다. 특별 수사반의 임무 역시 코스텔러를 제거하는 것. 그러나 사실 콜린은 경찰청에 투입된 코스텔로의 첩자. 경찰청의 동태를 사전에 코스텔로에게 알리는 게 그의 진짜 임무였던 것이다. ,https://netflixschool-script-csv.s3.amazonaws.com/The.Departed_2006.csv,https://netflixschool-posters.s3.amazonaws.com/The.Departed_2006.jpg,1
The.Family.Man,패밀리 맨,The Family Man,"판타지, 로맨스, 코미디, 드라마",2019–,Krishna D.K.,2000,2시간 5분,"월스트리트 최고의 실력을 자랑하는 투자전문 벤처기업가이자, 플레이보이인 잭 캠벨(Jack Campbell: 니콜라스 케이지 분). 그는 13년 전 사랑하는 연인 케이트(Kate Reynolds: 티아 레오니 분)와의 약속을 뒤로 한 채 줄곧 성공만을 향해 달려온다. 그리고, 마침내 뉴욕 맨하탄의 펜트하우스와 꿈의 자동차 페라리 550M, 이천불짜리 최고급 양복에 그의 손길을 기다리며 항시 대기 중인 늘씬한 미녀들까지... 잭 자신은 성공한 자만이 누릴 수 있는 모든 것을 가졌다고 생각한다.  하얀 눈이 소담스레 내리는 크리스마스 이브, 모든 사람들이 가족의 품으로 돌아가는 그날도 늦게까지 일에 빠져있던 잭은 마지막으로 회사를 나와 텅 빈 도시를 걷다가 우연히 식료품가게에 들어선다. 그곳에서 잭은 복권을 바꾸러 왔다가 강도로 돌변한 거리의 부랑아캐쉬를 만나 뜻밖의 상황에 처하지만 사업가적 수완을 발휘해 위기를 모면한다. 그리고 그 복권이 자신의 인생을 완전히 뒤바꿔 놓으리란 걸 꿈에도 모른 채, 자신의 집으로 돌아간다. 즐거운 캐롤에 잠이 깬 잭은 낯선 침대에 두 아이와 강아지, 옛 애인 케이트에 둘러싸여 있는 자신을 보고 소스라치게 놀라 뉴욕의 집으로 돌아간다.  그러나 캐쉬를 만나 사건의 전모를 전해 듣는다. 캐쉬는 잭이 케이트와 함께 하는 삶을 택했을 때의 인생을 경험하고 있는 거라며 그것을 끝내는 것은 전적으로 잭 자신이 알아서 해야한다는 수수께끼 같은 말을 남긴 채 사라진다. 갈 곳이 없어진 잭은 어쩔 수 없이 뉴저지의 작은 마을에 있는 그의 가족에게 돌아간다.  잭은 13년 전보다 훨씬 매력적으로 변한 케이트를 진심으로 사랑하게 되고, 그의 아이들을 통해 이전에 느껴보지 못했던 아버지로서의 사랑도 깨달아간다. 그러던 어느 날, 타이어가게에 들른 월스트리트의 거물 라시터의 눈에 띄게된 잭은 그의 회사중역으로 스카웃 제의를 받고, 또다시 빛나는 성공과 사랑하는 가족사이에서 선택의 기로에 서게 되는데. ",https://netflixschool-script-csv.s3.amazonaws.com/The.Family.Man_2000.csv,https://netflixschool-posters.s3.amazonaws.com/The.Family.Man_2000.jpg,1
The.Intern,인턴,The Intern,"코미디, 드라마",12,Nancy Meyers,2015,2시간 1분,"창업 1년 반 만에 직원 220명의 성공신화를 이룬 줄스(앤 해서웨이)는 TPO에 맞는 패션센스, 업무를 위해 사무실에서도 끊임 없는 체력관리 뿐만 아니라 고객을 위해 포장까지 직접 하는 열정적인 30세 여성 CEO이다. 회사에서 은퇴해 무료한 일상을 이어가고 있던 벤(로버트 드니로)은 시니어 인턴을 뽑는다는 어느 온라인 회사에 지원한다. 면접 과정에서 높은 점수를 받은 그는 줄스의 인턴으로 채용되는데, 그녀는 컴퓨터도 제대로 다루지 못하는 벤이 자신을 도울 일은 절대 없을 거라 생각한다. 하지만 줄스가 눈치채지 못하는 사이 벤은 서서히 그녀의 일상에 없어서는 안 되는 사람이 되어간다. ",https://netflixschool-script-csv.s3.amazonaws.com/The.Intern_2015.csv,https://netflixschool-posters.s3.amazonaws.com/The.Intern_2015.jpg,1
The.Judge,더 저지,The Judge,"드라마, 범죄, Made in Europe",15,David Dobkin,2014,2시간 21분,"능력과 재력을 겸비한 변호사 헨리(로버트 다우니 주니어)는 부족한 것은 단 하나 ‘가족’이다. 부인과는 이혼 직전이고 그리고 하나뿐인 아버지와는 연락을 끊고 산지 오래다. 어느 날 어머니가 돌아가셨다는 연락을 받고 몇 십 년 만에 고향에 내려가지만 이미 아버지는 아버지라고 부를 수도 없을 정도로 어색하고 먼 사이다. 어머니의 장례식 후 비 내리던 그 날 밤 아버지는 차를 끌고 나간다. 그리고 다음날, 갑작스럽게 경찰이 찾아와 차 사고로 도로에서 죽은 사람의 살해용의자로 아버지를 붙잡아간다. 무죄를 입증하기 위해 고용한 마을 변호사의 무능함을 견디지 못한 헨리가 아버지의 변호를 맡게 되는데… ",https://netflixschool-script-csv.s3.amazonaws.com/The.Judge_2014.csv,https://netflixschool-posters.s3.amazonaws.com/The.Judge_2014.jpg,1
The.Revenant,레버넌트: 죽음에서 돌아온 자,The Revenant,"서부, 액션, 드라마, 역사",15,Alejandro G. Iñárritu,2015,2시간 37분,"서부 개척시대 이전인 19세기 아메리카 대륙, 전설적인 모피 사냥꾼인 휴 글래스(레오나르도 디카프리오)는 아들 호크를 데리고 동료들과 함께 사냥하던 중 회색곰에게 습격 당해 사지가 찢긴다. 하지만 돈에 눈이 먼 비정한 동료 존 피츠 제럴드(톰 하디)는 아직 살아 있는 휴를 죽이려 하고, 아들 호크가 이에 저항하자 호크마저 죽인 채 숨이 붙어 있는 휴를 땅에 묻고 떠난다. 눈 앞에서 하나뿐인 아들의 죽음을 목격한 휴는 처절한 복수를 위해 부상 입은 몸으로 배신자 존 피츠제럴드의 뒤를 쫓아 300km가 넘는 광활하고 거친 야생에서 인간의 한계에 도전하는데... ",https://netflixschool-script-csv.s3.amazonaws.com/The.Revenant_2015.csv,https://netflixschool-posters.s3.amazonaws.com/The.Revenant_2015.jpg,1
The.Truman.Show,트루먼 쇼,The Truman Show,"코미디, 드라마, SF",15,Peter Weir,1998,1시간 43분,"트루먼 버뱅크는 작고 조용한 섬마을에 사는 평범한 세일즈맨이다. 그런 그가 자신의 삶에 대해 의문을 갖기 시작한 것은 평소와 다름없이 평범한 어느 날, 갑자기 하늘에서 촬영용 조명등이 떨어지고, 어렸을 적 자신이 익사를 직접 목격했던 아버지가 살아오고, 또 누군가에 의해 끌려가는 등 상식 밖의 일들이 벌어지고 나서부터였다. 평생을 그다지 신경쓰지 않고 지냈던 일상이었지만 주변을 보니 이상한 일이 너무 많았다. 결국 자신이 특별한 상황에 놓여있다는 확신을 하게된 트루먼은 첫사랑 실비아의 모든 것이 다 거짓라는 말을 되새기며 일상으로부터 탈출을 결심하게 되는데... ",https://netflixschool-script-csv.s3.amazonaws.com/The.Truman.Show_1998.csv,https://netflixschool-posters.s3.amazonaws.com/The.Truman.Show_1998.jpg,1
There.Will.Be.Blood,데어 윌 비 블러드,There Will Be Blood,드라마,15,Paul Thomas Anderson,2007,2시간 38분,"은을 찾아 땅속으로 내려갔다 올라오길 반복하는 남자 다니엘 플레인뷰(대니얼 데이 루이스)는 갑작스런 사고로 다리를 다친다. 이후 그는 또 다른 사고로 목숨을 잃은 동료의 아들 H. W.(딜런 프리지어)와 함께 산다. 석유가 있는 곳을 찾아 미국의 서부를 오가는 그는 리틀 보스턴에 석유가 있다는 엘라이(폴 다노)의 제보에 아들과 함께 리틀 보스턴으로 향한다. 리틀 보스턴은 목사 엘라이를 중심으로 한 광신도적 교인들이 주민의 대부분이다. 다니엘은 주민들의 반대에 부딪히며 땅을 사고, 유정탑을 쌓으며, 배송관을 만들어 석유 발굴에 나서는데... ",https://netflixschool-script-csv.s3.amazonaws.com/There.Will.Be.Blood_2007.csv,https://netflixschool-posters.s3.amazonaws.com/There.Will.Be.Blood_2007.jpg,1
Zodiac,조디악,Zodiac,"드라마, 범죄, 스릴러",15,David Fincher,2007,2시간 37분,"1969년 8월, 샌프란시스코의 신문사들에 조디악이라 자칭하는 연쇄살인범의 편지가 배달된다. 자신이 저지른 살인을 상술한 그 편지는 동봉한 암호문을 신문에 싣지 않으면 추가살인을 저지르겠다는 경고로 끝난다. 편지와 암호문이 공개되자 샌프란시스코 일대는 충격에 휩싸인다. 형사인 데이빗(마크 러팔로)과 빌(앤서니 에드워즈), 신문사 샌프란시스코 크로니클의 사건 기자 폴(로버트 다우니 주니어)은 전력을 기울여 각각 사건 해결과 추리에 나선다. 그러나 가장 끈질지게 사건의 실마리를 찾아 헤매는 사람은 경찰도 기자도 아닌, 시사만평가 로버트(제이크 질렌홀)이다. ",https://netflixschool-script-csv.s3.amazonaws.com/Zodiac_2007.csv,https://netflixschool-posters.s3.amazonaws.com/Zodiac_2007.jpg,1
13TH,미국 수정헌법 제13조,13th,"다큐멘터리, 역사, 범죄",15,Ava DuVernay,2016,1시간 40분,"자유의 나라, 미국. 하지만 지금도 수많은 흑인이 감옥에 있는 이유는 무엇일까. 여러 분야의 전문가들과 함께, 미국 감옥의 현실과 인종차별을 곱씹는 시사 다큐멘터리. ",https://netflixschool-script-csv.s3.amazonaws.com/13TH_2016.csv,https://netflixschool-posters.s3.amazonaws.com/13TH_2016.jpg,1
Bo.Burnham_.Inside,보 번햄: 못 나가서 만든 쇼,Bo Burnham: Inside,"코미디, 드라마, 음악",2021,Bo Burnham,2021,1시간 27분,"정말 이상한 1년이었다. 집 밖으로 나가지를 못했다. 그래도 새로운 노래와 신선한 시각을 얻었으니, 어떻게든 보여줘야지. 격리 상태의 보 번햄. 그가 쓰고 찍고 공연한 코미디 스페셜이다. ",https://netflixschool-script-csv.s3.amazonaws.com/Bo.Burnham_.Inside_2021.csv,https://netflixschool-posters.s3.amazonaws.com/Bo.Burnham_.Inside_2021.jpg,1
Bo.Burnham_.Make.Happy,보 번햄: 해피 바이러스,Bo Burnham: Make Happy,"코미디, 음악, 다큐멘터리",2016,Bo Burnham,2016,1시간 0분,"개성 있는 위트와 자학 개그의 상징, 보 번햄. 유머로 막힌 가슴을 뚫고, 자작곡으로 마음을 보듬는 그의 특별한 무대가 시작된다. 여기, 행복이 웃음과 음악을 타고 온다! ",https://netflixschool-script-csv.s3.amazonaws.com/Bo.Burnham_.Make.Happy_2016.csv,https://netflixschool-posters.s3.amazonaws.com/Bo.Burnham_.Make.Happy_2016.jpg,1
Chasing.Coral,산호초를 따라서,Chasing Coral,다큐멘터리,12,Jeff Orlowski,2017,1시간 33분,"죽어가는 산호초를 기록하는 사람들. 전 세계의 다이버와 과학자, 포토그래퍼들이 모여 거대한 수중 캠페인을 만들어간다. 생명의 바다를 지키기 위해. ",https://netflixschool-script-csv.s3.amazonaws.com/Chasing.Coral_2017.csv,https://netflixschool-posters.s3.amazonaws.com/Chasing.Coral_2017.jpg,1
Dave.Chappelle_.Sticks.&.Stones,데이브 샤펠: 뼈 때리는 이야기,Dave Chappelle: Sticks & Stones,코미디,2019,Stan Lathan,2019,1시간 5분,"말조심해야 한다는 요즘 코미디의 세계. 하지만 눈치는커녕 역공을 가하는 코미디언도 있으니, 그가 바로 데이브 샤펠. 유명인의 스캔들, 총기사고, 이름하여 알파벳(?) 커뮤니티까지. 툭툭 던지는 고수의 직격탄, 수비할 틈이 없을지니. ",https://netflixschool-script-csv.s3.amazonaws.com/Dave.Chappelle_.Sticks._.Stones_2019.csv,https://netflixschool-posters.s3.amazonaws.com/Dave.Chappelle_.Sticks._.Stones_2019.jpg,1
David.Attenborough_.A.Life.on.Our.Planet,데이비드 애튼버러: 우리의 지구를 위하여,David Attenborough: A Life on Our Planet,다큐멘터리,All,Alastair Fothergill,2020,1시간 33분,지금 이 순간에도 수많은 생명이 사라지고 있다. 세계적인 동물학자이자 자연 다큐멘터리의 거장이 전하는 위대한 조언. 다큐멘터리에서 그는 과거를 돌아본다. 지금껏 살아오면서 자신이 목격했던 가장 파괴적인 순간들을. 이 다큐멘터리는 지구상의 모든 생명체가 마주한 커다란 위기를 다룬다. 우리는 그동안 무엇을 잃었나. 지구의 파멸을 언제까지 지켜볼 것인가. 그는 호소한다. 지구의 재앙이 다가오고 있다. 막아야 한다. 그리고 길을 제시한다. 우리가 할 수 있는 일이 있으니 아직 희망은 있다고. ,https://netflixschool-script-csv.s3.amazonaws.com/David.Attenborough_.A.Life.on.Our.Planet_2020.csv,https://netflixschool-posters.s3.amazonaws.com/David.Attenborough_.A.Life.on.Our.Planet_2020.jpg,1
Disclosure,디스클로저,Disclosure,다큐멘터리,18,Barry Levinson,2020,1시간 48분,할리우드는 트랜스 커뮤니티에 어떤 영향을 끼쳤을까. 그 빛과 그늘을 조명하는 다큐멘터리. 선도적인 트랜스 창작자와 사상가들이 진솔한 견해와 분석을 들려준다. ,https://netflixschool-script-csv.s3.amazonaws.com/Disclosure_2020.csv,https://netflixschool-posters.s3.amazonaws.com/Disclosure_2020.jpg,1
FYRE_.The.Greatest.Party.That.Never.Happened,FYRE: 꿈의 축제에서 악몽의 사기극으로,Fyre,"다큐멘터리, 범죄, 음악",15,Chris Smith,2019,1시간 37분,"지상 최고의 음악 축제가 열린다! 기발하고 화려한 홍보로 기대를 모았던 파이어 페스티벌. 하지만 그림 같은 해변의 빌라도, 근사한 파티도, 모두 거짓에 불과했다. ",https://netflixschool-script-csv.s3.amazonaws.com/FYRE_.The.Greatest.Party.That.Never.Happened_2019.csv,https://netflixschool-posters.s3.amazonaws.com/FYRE_.The.Greatest.Party.That.Never.Happened_2019.jpg,1
Heroin(e),헤로인 vs. 히로인,Heroin(e),다큐멘터리,Null,Elaine McMillion Sheldon,2017,39min,"치명적인 전염병처럼 웨스트버지니아를 휩쓰는 약물중독. 용감한 세 여인이 그에 맞서 싸운다. 소방서장, 판사, 그리고 사회복지사. 아카데미 후보에 오른 다큐멘터리. ",https://netflixschool-script-csv.s3.amazonaws.com/Heroin(e)_2017.csv,https://netflixschool-posters.s3.amazonaws.com/Heroin(e)_2017.jpg,1
Inside.Job,인사이드 잡,Inside Job,"다큐멘터리, 범죄",2021–,Alex Hirsch,2010,1시간 45분,"미국 리먼 브라더스의 파산 신청과 최대 보험사 AIG의 몰락은 미국 경제를 뒤흔들었다. 월 스트리트 쇼크로 글로벌 주식 시장은 그 즉시 휘청거렸다. 전 세계는 수십 조 달러의 빚더미에 올라앉았고 경제 침체는 계속되었다. 집 값과 자산은 대폭락했고, 3천만 명이 해고됐으며, 5천만 서민들은 극빈자가 되었다. 세계 경제를 파탄으로 내몰았지만… 여전히 돈과 권력을 손에 쥐고 있을 주범들은 과연 어디 있는가. ",https://netflixschool-script-csv.s3.amazonaws.com/Inside.Job_2010.csv,https://netflixschool-posters.s3.amazonaws.com/Inside.Job_2010.jpg,1
Kiss.the.Ground,대지에 입맞춤을,Kiss the Ground,다큐멘터리,All,Joshua Tickell,2020,1시간 25분,"환경을 보호하고 기후 변화를 해결할 수 있는 열쇠. 그것이 바로 토양이라면? 건강한 지구, 더 나은 우리의 터전을 위해 유명 연예인들과 사회운동가, 과학자들이 나섰다. 위대한 대지의 베일이 벗겨지는 순간. ",https://netflixschool-script-csv.s3.amazonaws.com/Kiss.the.Ground_2020.csv,https://netflixschool-posters.s3.amazonaws.com/Kiss.the.Ground_2020.jpg,1
Knock.Down.The.House,세상을 바꾸는 여성들,Knock Down the House,다큐멘터리,12,Rachel Lears,2019,1시간 26분,알렉산드리아 오카시오-코르테스를 비롯한 네 명의 여성. 굳건한 신념과 강인한 의지로 미국 정치에 도전한다. 이들은 쟁쟁한 상대를 제치고 의회에 입성할 수 있을까. ,https://netflixschool-script-csv.s3.amazonaws.com/Knock.Down.The.House_2019.csv,https://netflixschool-posters.s3.amazonaws.com/Knock.Down.The.House_2019.jpg,1
Seaspiracy,씨스피라시,Seaspiracy,다큐멘터리,TV-MA,Ali Tabrizi,2021,1시간 29분,그가 사랑하는 바다가 죽어간다. 인간이 그 경이의 세계를 파괴한다. 그리하여 카메라를 들고 바다로 나간 감독. 그가 맞닥뜨린 것은 전 세계에 걸친 부패의 그물이었다. ,https://netflixschool-script-csv.s3.amazonaws.com/Seaspiracy_2021.csv,https://netflixschool-posters.s3.amazonaws.com/Seaspiracy_2021.jpg,1
The.Social.Dilemma,소셜 딜레마,The Social Dilemma,"드라마, 다큐멘터리",12,Jeff Orlowski,2020,1시간 34분,"중독과 가짜 뉴스에 시달리는 현대사회. 실리콘 밸리 전문가들이 용기 내어 경고한다. 자신들의 창조물, 소셜 미디어를 주의하라고. 다큐멘터리와 드라마를 결합한 영화. ",https://netflixschool-script-csv.s3.amazonaws.com/The.Social.Dilemma_2020.csv,https://netflixschool-posters.s3.amazonaws.com/The.Social.Dilemma_2020.jpg,1
Three.Identical.Strangers,어느 일란성 세 쌍둥이의 재회,Three Identical Strangers,"다큐멘터리, 드라마, 역사",15,Tim Wardle,2018,1시간 36분,"서로의 존재를 모르고 살다 19년 만에 기적처럼 만난 세쌍둥이 형제. 사연이 알려지자 사람들의 관심은 뜨거웠고, 형제들은 일약 스타가 된다. 하지만 기쁨도 잠시, 마침내 세상을 경악게 할 진실이 드러난다. 충격적인 실화를 다룬 작품. ",https://netflixschool-script-csv.s3.amazonaws.com/Three.Identical.Strangers_2018.csv,https://netflixschool-posters.s3.amazonaws.com/Three.Identical.Strangers_2018.jpg,1
Virunga,비룽가,Virunga,"전쟁, 다큐멘터리",15,Orlando von Einsiedel,2014,1시간 30분,아프리카에서 가장 진귀한 국립공원과 멸종위기에 처한 고릴라들을 구하기 위해 위험을 불사하는 관리원들의 오스카상 후보에 빛나는 실제 이야기 ,https://netflixschool-script-csv.s3.amazonaws.com/Virunga_2014.csv,https://netflixschool-posters.s3.amazonaws.com/Virunga_2014.jpg,1
What.the.Health,몸을 죽이는 자본의 밥상,What the Health,다큐멘터리,12,Kip Andersen,2017,1시간 37분,현대 식생활의 폐해나 건강문제를 의사를 비롯한 다양한 전문가들이 색다른 시각에서 조명한 다큐멘터리 ,https://netflixschool-script-csv.s3.amazonaws.com/What.the.Health_2017.csv,https://netflixschool-posters.s3.amazonaws.com/What.the.Health_2017.jpg,1
Anne.with.an.E,빨간 머리 앤,Anne with an E,"드라마, 가족",12,Moira Walley-Beckett,2017,46min,마음에 불꽃을 품은 여자아이 앤. 나이 든 오누이의 초록 지붕집에 발을 들이게 된다. 커스버트 남매와 낮선 고아 소녀가 가족이 되고 성장하는 과정을 그려낸 시리즈. ,https://netflixschool-script-csv.s3.amazonaws.com/Anne.with.an.E_2017.csv,https://netflixschool-posters.s3.amazonaws.com/Anne.with.an.E_2017.jpg,2
Better.Call.Saul,베터 콜 사울,Better Call Saul,"코미디, 드라마, 범죄",18,Vince Gilligan,2015,48min,브레이킹 배드의 스핀오프. 베터 콜 사울 (Better call Saul) 이라는 제목은 브레이킹 배드에서 등장하는 사울 굿맨의 변호사 광고 슬로건에서 따왔다. 2002년을 배경으로 삼류 변호사 지미 맥길이 악덕 변호사 사울 굿맨으로 변하게 되는 과정을 그린다. ,https://netflixschool-script-csv.s3.amazonaws.com/Better.Call.Saul_2015.csv,https://netflixschool-posters.s3.amazonaws.com/Better.Call.Saul_2015.jpg,2
Black.Mirror,블랙 미러,Black Mirror,"SF, 드라마, 스릴러, Made in Europe",18,Charlie Brooker,2011,59min,"2011년 12월 Channel 4에서 방영을 시작한 SF 옴니버스 드라마. 만약 기술이 마약이나 마찬가지이고 사용되기도 마약 같이 사용되고 있다면 그에 따른 부작용은 무엇인가? 불안함과 즐거움 사이의 모호한 존재가 바로 블랙 미러다. 검은 거울은 모든 벽과 책상에 있고 모든 사람의 손바닥에 있다: 차갑고 번쩍거리는 텔레비전 화면, 모니터, 스마트폰이 바로 검은 거울이다. 가까운 미래의 첨단 기술이 인간의 욕망을 실현해 주면서 벌어지는 특별한 상황들을 어두운 상상력으로 풀어낸다. ",https://netflixschool-script-csv.s3.amazonaws.com/Black.Mirror_2011.csv,https://netflixschool-posters.s3.amazonaws.com/Black.Mirror_2011.jpg,2
Breaking.Bad,브레이킹 배드,Breaking Bad,"드라마, 범죄, 스릴러",18,Vince Gilligan,2008,48min,2008년 1월 AMC에서 방영을 시작한 범죄 스릴러. Breaking Bad는 막가기를 뜻하는 미국 남부 지방의 속어이다. 한때 노벨화학상까지 바라 볼 정도로 뛰어난 과학자였던 고등학교 화학 교사 월터 화이트는 자신의 50세 생일 날에 폐암 3기 진단을 받는다. 어느 날 동서와 함께 마약 단속 현장을 참관한 그는 현장에서 달아나는 옛 제자 제시를 발견한다. 뇌성마비에 걸린 고등학생 아들과 임신한 아내를 위해 제시에게 동업을 제의한 월터는 자신의 화학지식을 이용해 전례없는 고순도 고품질의 메스암페타민을 제조한다. ,https://netflixschool-script-csv.s3.amazonaws.com/Breaking.Bad_2008.csv,https://netflixschool-posters.s3.amazonaws.com/Breaking.Bad_2008.jpg,2
Disenchantment,디스인챈트,Disenchantment,"SF, 애니메이션, 코미디, 액션, 판타지",15,Matt Groening,2018,28min,"무너져 가는 중세 왕국 드림랜드. 스스로 운명을 개척하고 싶은 술고래 공주 빈은 거침없는 성격의 엘포, 말썽쟁이 악마 루시를 친구 삼아 모험을 떠난다. 억세게 운 나쁜 삼총사는 이 여정에서 거인, 장난꾸러기 요정, 하르피아이, 작은 도깨비, 트롤, 바다코끼리, 수많은 얼간이 인간들을 마주치는데... ",https://netflixschool-script-csv.s3.amazonaws.com/Disenchantment_2018.csv,https://netflixschool-posters.s3.amazonaws.com/Disenchantment_2018.jpg,2
Friends,프렌즈,Friends,"코미디, 드라마, 로맨스",15,David Crane,1994,25min,"1994년 5월 NBC에서 방영을 시작한 시트콤. 미국 뉴욕 시 맨해튼의 그리니치 빌리지의 아파트와 까페 센트럴 퍼크를 중심으로 2-30대의 세 명의 남자와 세 명의 여자의 우정과 사랑, 삶을 그렸다. 부잣집 맏딸이자 응석받이로 자라 온 레이첼은 결혼식을 앞두고 결혼 선물들을 쳐다보던 중 자신이 남편보다 결혼선물을 더 사랑한다는 사실을 깨닫고 회의감을 느끼게 된다. 이를 계기로 불현듯 결혼식에서 도망쳐 나오게 되고, 뉴욕에 아버지의 그늘을 피할 곳을 찾다가 결혼식 전 우연히 만난 고등학교 동창 모니카와 재회하게 된다. ",https://netflixschool-script-csv.s3.amazonaws.com/Friends_1994.csv,https://netflixschool-posters.s3.amazonaws.com/Friends_1994.jpg,2
How.to.Get.Away.With.Murder,범죄의 재구성,How to Get Away with Murder,"드라마, 스릴러, 범죄",18,Peter Nowalk,2014,43min,유능한 형사소송 변호사이자 법학과 교수인 애널리스 키팅과 제자 5명은 복잡하게 얽힌 살인 사건에 점점 깊이 빠져든다. ,https://netflixschool-script-csv.s3.amazonaws.com/How.to.Get.Away.With.Murder_2014.csv,https://netflixschool-posters.s3.amazonaws.com/How.to.Get.Away.With.Murder_2014.jpg,2
MINDHUNTER,마인드헌터,Mindhunter,"드라마, 범죄, 스릴러",18,Joe Penhall,2017,53min,단지 미치광이의 소행인가. 무차별 잔혹 범죄가 급증한 1970년대 말. FBI 행동과학부 요원들은 잇달아 발생한 강력 사건 해결을 위해 살인마들과 위험한 대화를 시작한다. FBI 엘리트 요원이 프로파일링 기법을 이용하여 악명 높은 범죄자들을 추적하는 모습을 그린 스릴러 시리즈. ,https://netflixschool-script-csv.s3.amazonaws.com/MINDHUNTER_2017.csv,https://netflixschool-posters.s3.amazonaws.com/MINDHUNTER_2017.jpg,2
Narcos,나르코스,Narcos,"드라마, 범죄, 스릴러",18,Carlo Bernard,2015,52min,"콜롬비아의 에스코바르와 로스 페페스는 세계 최대의 마약 제국을 건설하고 미국의 공공의 적이 된다. 카르텔과 양국 정부의 피비린내 나는 전쟁, 이것은 실화다. ",https://netflixschool-script-csv.s3.amazonaws.com/Narcos_2015.csv,https://netflixschool-posters.s3.amazonaws.com/Narcos_2015.jpg,2
Peaky.Blinders,피키 블라인더스,Peaky Blinders,"드라마, 범죄, Made in Europe",18,Steven Knight,2013,58min,"제1차 세계대전 직후인 1919년 영국 버밍엄. 토마스 셸비를 주축으로 한 셸비 가문은 악명 높은 범죄 조직 ""피키 블라인더스""를 이끌고 암흑가의 정상을 차지하기 위해 수단과 방법을 가리지 않는다. ",https://netflixschool-script-csv.s3.amazonaws.com/Peaky.Blinders_2013.csv,https://netflixschool-posters.s3.amazonaws.com/Peaky.Blinders_2013.jpg,2
Rick.and.Morty,릭 앤 모티,Rick and Morty,"SF, 액션, 애니메이션, 코미디",18,Dan Harmon,2013,22min,술에 절어 사는 천재 과학자 릭은 투정이 심한 10대 손자 모티를 데리고 외계와 대체 현실로 아슬아슬한 모험을 떠난다. ,https://netflixschool-script-csv.s3.amazonaws.com/Rick.and.Morty_2013.csv,https://netflixschool-posters.s3.amazonaws.com/Rick.and.Morty_2013.jpg,2
Sherlock,셜록,Sherlock,"드라마, 스릴러, 범죄, Made in Europe",15,Mark Gatiss,2010,1시간 28분,"2010년 7월 BBC One에서 방영을 시작한 추리물. 아서 코난 도일의 셜록 홈즈 시리즈를 원작으로 현대적으로 재구성하였다. 아프가니스탄에서 군의관으로 복무 중이었으나, 전투 중 부상을 입고 의병 제대한 후 존 왓슨은 우연히 만난 옛 친구 마이크 스탬포드를 통해 셜록 홈즈를 소개받고 허드슨 부인이 세를 놓는 방에 함께 사는 룸메이트가 된다. 과거 허드슨 부인에게 도움을 준 인연으로 그녀의 건물에 세들어 있는 셜록은 자신을 고기능 소시오패스라고 당당하게 공인하는 괴짜 탐정. 왓슨은 얼떨결에 셜록의 조수 역할로 미스테리한 살인 사건 수사에 동참하는데... ",https://netflixschool-script-csv.s3.amazonaws.com/Sherlock_2010.csv,https://netflixschool-posters.s3.amazonaws.com/Sherlock_2010.jpg,2
Stranger.Things,기묘한 이야기,Stranger Things,"SF, 공포, 스릴러, 드라마, 판타지",15,Matt Duffer,2016,52min,"인디애나주의 작은 마을에서 행방불명된 소년. 이와 함께 미스터리한 힘을 가진 소녀가 나타나고, 마을에는 기묘한 현상들이 일어나기 시작한다. 아들을 찾으려는 엄마와 마을 사람들은 이제 정부의 일급비밀 실험의 실체와 무시무시한 기묘한 현상들에 맞서야 한다. ",https://netflixschool-script-csv.s3.amazonaws.com/Stranger.Things_2016.csv,https://netflixschool-posters.s3.amazonaws.com/Stranger.Things_2016.jpg,2
