word,counts,word_level
just,241,1.0
can,214,1.0
know,189,1.0
go,172,1.0
get,119,1.0
so,117,1.0
come,115,1.0
say,107,1.0
look,103,1.0
see,98,1.0
now,97,1.0
here,93,1.0
think,93,1.0
there,90,1.0
want,88,1.0
fuck,69,3.0
good,68,1.0
do,66,1.0
mean,65,1.0
thing,65,1.0
how,60,1.0
why,60,1.0
back,59,1.0
really,59,1.0
right,58,1.0
will,56,1.0
would,56,1.0
make,55,1.0
time,50,1.0
then,48,1.0
when,48,1.0
take,47,1.0
like,46,1.0
more,45,1.0
need,44,1.0
let,43,1.0
people,43,1.0
talk,43,1.0
where,42,1.0
thank,42,1.0
happen,39,1.0
work,39,1.0
man,35,1.0
tell,34,1.0
head,34,1.0
watch,34,1.0
bite,33,2.0
one,33,1.0
help,33,1.0
real,33,1.0
show,32,1.0
should,32,1.0
way,31,1.0
put,31,1.0
in,31,1.0
all,31,1.0
day,31,1.0
keep,30,1.0
girl,30,1.0
love,29,1.0
year,29,1.0
too,29,1.0
guy,28,1.0
even,28,1.0
find,28,1.0
little,27,1.0
wait,27,1.0
again,27,1.0
only,27,1.0
run,26,1.0
well,26,1.0
actually,26,1.0
stop,26,1.0
give,25,1.0
minute,25,1.0
of,25,1.0
meet,24,1.0
sorry,24,1.0
point,24,1.0
live,23,1.0
shit,23,3.0
speak,23,1.0
sort,23,1.0
big,23,1.0
nice,23,1.0
week,23,1.0
start,22,1.0
other,22,1.0
new,22,1.0
great,22,1.0
leave,22,1.0
try,22,1.0
out,21,1.0
serious,21,1.0
call,21,1.0
vote,21,2.0
okay,21,2.0
never,20,1.0
fine,20,1.0
have,20,1.0
stuff,20,2.0
night,19,1.0
re,19,4.0
last,19,1.0
drink,19,1.0
turn,19,1.0
stay,18,1.0
lot,18,1.0
listen,18,1.0
long,18,1.0
place,18,1.0
next,18,1.0
joke,18,1.0
use,17,1.0
probably,17,1.0
party,17,1.0
any,17,1.0
as,17,1.0
video,17,1.0
hit,17,1.0
month,17,1.0
kill,17,1.0
still,17,1.0
play,17,1.0
hot,17,1.0
pretty,17,1.0
stand,16,1.0
first,16,1.0
much,16,1.0
sit,15,1.0
sure,15,1.0
mind,15,1.0
away,15,1.0
enough,15,1.0
public,15,1.0
course,15,1.0
morning,15,1.0
hang,15,2.0
on,15,1.0
close,15,1.0
ask,15,1.0
sing,14,1.0
remember,14,1.0
hand,14,1.0
block,14,1.0
kind,14,1.0
maybe,14,1.0
hear,14,1.0
pig,14,1.0
always,14,1.0
old,14,1.0
notice,14,1.0
alright,14,3.0
walk,14,1.0
funny,13,1.0
else,13,1.0
move,13,1.0
screen,13,1.0
early,13,1.0
bear,13,1.0
wrong,13,1.0
news,13,1.0
cool,13,1.0
may,13,1.0
might,13,1.0
honest,13,2.0
guess,13,1.0
shut,13,1.0
weird,13,3.0
believe,12,1.0
room,12,1.0
interest,12,1.0
full,12,1.0
ready,12,1.0
pick,12,1.0
friend,12,1.0
house,12,1.0
most,12,1.0
sound,12,1.0
daughter,12,1.0
break,12,1.0
ago,12,1.0
hope,12,1.0
hold,11,1.0
end,11,1.0
mate,11,3.0
about,11,1.0
plan,11,1.0
quite,11,1.0
lie,11,1.0
today,11,1.0
ever,11,1.0
already,11,1.0
win,11,1.0
easy,11,1.0
very,11,1.0
round,10,1.0
open,10,1.0
piss,10,3.0
conjurer,10,6.0
feel,10,1.0
demand,10,2.0
pull,10,1.0
detail,10,1.0
sometime,10,3.0
least,10,1.0
face,10,1.0
life,10,1.0
singer,10,1.0
bad,10,1.0
politician,10,2.0
stupid,10,1.0
view,10,1.0
understand,10,1.0
light,10,1.0
baby,10,1.0
must,10,1.0
world,10,1.0
name,10,1.0
trust,9,2.0
shoot,9,2.0
whole,9,1.0
wife,9,1.0
story,9,1.0
change,9,1.0
rule,9,1.0
message,9,1.0
sleep,9,1.0
laugh,9,1.0
dead,9,1.0
few,9,1.0
down,9,1.0
over,9,1.0
worry,9,1.0
together,9,1.0
team,9,1.0
own,9,1.0
relationship,9,1.0
wed,8,2.0
cry,8,1.0
young,8,1.0
fun,8,1.0
important,8,1.0
forward,8,1.0
ash,8,3.0
ignore,8,2.0
image,8,1.0
seem,8,1.0
cut,8,1.0
car,8,1.0
job,8,1.0
pay,8,1.0
hour,8,1.0
tonight,8,1.0
bloody,8,3.0
eye,8,1.0
obvious,8,2.0
voice,8,1.0
throw,8,1.0
though,8,2.0
sex,8,2.0
election,8,2.0
buy,7,1.0
camera,7,1.0
drive,7,1.0
political,7,2.0
home,7,1.0
exactly,7,1.0
care,7,1.0
door,7,1.0
touch,7,1.0
free,7,1.0
enjoy,7,1.0
clearly,7,1.0
far,7,1.0
fair,7,1.0
die,7,1.0
hate,7,1.0
hat,7,1.0
spend,7,1.0
hard,7,1.0
suppose,7,1.0
dad,7,1.0
brilliant,7,1.0
safe,7,1.0
moment,7,1.0
scare,7,3.0
mum,7,3.0
bitch,7,3.0
around,7,1.0
wear,7,1.0
badly,7,1.0
question,7,1.0
beautiful,7,1.0
become,7,1.0
many,7,1.0
memory,7,1.0
almost,7,1.0
act,7,1.0
kid,7,1.0
line,7,1.0
up,7,1.0
wonder,7,2.0
less,7,1.0
opinion,7,1.0
upstairs,7,1.0
side,6,1.0
finger,6,1.0
gouge,6,5.0
top,6,1.0
grain,6,2.0
response,6,1.0
situation,6,1.0
build,6,1.0
fake,6,3.0
figure,6,1.0
mood,6,2.0
poll,6,2.0
pm,6,3.0
deadline,6,3.0
photo,6,1.0
press,6,2.0
pretend,6,2.0
woman,6,1.0
order,6,1.0
eat,6,1.0
alone,6,1.0
statement,6,1.0
appear,6,1.0
quick,6,1.0
stage,6,1.0
tit,6,5.0
hair,6,1.0
invite,6,1.0
bring,6,1.0
campaign,6,2.0
character,6,1.0
sexual,6,2.0
sentence,6,1.0
jump,6,1.0
blue,6,1.0
bore,6,2.0
tv,6,1.0
candidate,5,2.0
noise,5,1.0
appraisal,5,3.0
knock,5,1.0
idiot,5,3.0
app,5,1.0
state,5,1.0
numb,5,3.0
explain,5,1.0
late,5,1.0
answer,5,1.0
nasty,5,3.0
fact,5,1.0
imagine,5,1.0
waste,5,2.0
faithful,5,3.0
completely,5,1.0
family,5,1.0
boy,5,1.0
read,5,1.0
monogamist,5,6.0
cartoon,5,1.0
record,5,1.0
attention,5,1.0
push,5,1.0
once,5,1.0
office,5,1.0
contain,5,1.0
absolutely,5,2.0
dangerous,5,1.0
darling,5,3.0
serial,5,3.0
police,5,1.0
burn,5,1.0
horse,5,1.0
phone,5,1.0
personal,5,1.0
dick,5,5.0
perfect,5,1.0
wood,5,1.0
princess,5,2.0
dream,5,1.0
problem,5,1.0
cornflake,5,6.0
copy,5,1.0
service,5,1.0
broadcast,5,2.0
set,5,2.0
british,5,3.0
amaze,5,2.0
stream,5,2.0
straight,5,1.0
some,5,1.0
tomorrow,5,1.0
tiny,5,2.0
release,5,2.0
totally,5,2.0
upset,5,2.0
fodder,5,4.0
follow,5,1.0
grow,5,1.0
mad,5,2.0
resume,5,3.0
choice,5,1.0
return,5,1.0
bastard,5,3.0
cell,5,1.0
lose,5,1.0
sick,5,1.0
lock,5,1.0
channel,5,2.0
grab,5,2.0
sake,5,3.0
body,5,1.0
gun,5,1.0
forget,5,1.0
hack,5,3.0
rescue,5,2.0
happy,5,1.0
upload,5,5.0
visit,5,1.0
half,5,1.0
film,5,1.0
hell,5,2.0
before,5,1.0
bike,5,1.0
focus,5,1.0
finish,5,1.0
bag,5,1.0
picture,4,1.0
sign,4,1.0
knob,4,4.0
delete,4,3.0
downstairs,4,1.0
dark,4,1.0
dress,4,1.0
part,4,1.0
hunt,4,2.0
short,4,1.0
process,4,1.0
paedophile,4,6.0
tear,4,2.0
hurt,4,1.0
kidnap,4,3.0
hurry,4,2.0
present,4,1.0
suspect,4,2.0
decision,4,1.0
different,4,1.0
group,4,1.0
lead,4,1.0
perform,4,1.0
deal,4,1.0
person,4,1.0
pie,4,3.0
swear,4,2.0
death,4,1.0
mention,4,1.0
dude,4,3.0
same,4,1.0
excuse,4,2.0
major,4,1.0
spot,4,2.0
expect,4,1.0
select,4,2.0
illegal,4,2.0
join,4,1.0
heart,4,1.0
season,4,1.0
proper,4,2.0
murder,4,2.0
finally,4,1.0
hide,4,1.0
save,4,1.0
huh,4,4.0
midnight,4,1.0
foot,4,1.0
rest,4,1.0
lovely,4,2.0
loud,4,1.0
outsider,4,3.0
outside,4,1.0
list,4,1.0
self,4,2.0
road,4,1.0
idea,4,1.0
middle,4,1.0
embarrass,4,3.0
ride,4,1.0
sitter,4,4.0
official,4,2.0
engage,4,2.0
offer,4,1.0
off,4,1.0
stick,4,2.0
step,4,1.0
putt,4,4.0
load,4,2.0
soon,4,1.0
while,4,1.0
cover,4,1.0
clock,4,1.0
catch,4,1.0
write,4,1.0
bar,4,1.0
case,4,1.0
wipe,4,3.0
tweet,4,6.0
type,4,1.0
beat,4,1.0
crack,4,3.0
bed,4,1.0
button,4,1.0
usual,4,1.0
code,4,1.0
cold,4,1.0
truth,4,2.0
weakness,4,2.0
water,4,1.0
agree,4,1.0
toast,4,3.0
at,4,1.0
couple,4,1.0
compliance,4,3.0
cookie,4,1.0
advise,4,2.0
word,4,1.0
warn,4,2.0
thumb,4,3.0
consider,4,1.0
through,4,1.0
cause,4,1.0
continue,4,1.0
viewer,4,2.0
clean,4,1.0
visual,4,2.0
transmitter,4,4.0
cheesy,4,5.0
yet,4,1.0
apparent,4,2.0
check,4,1.0
paper,3,1.0
express,3,1.0
tire,3,2.0
panel,3,2.0
speech,3,1.0
box,3,1.0
spiritual,3,2.0
individual,3,1.0
shoe,3,1.0
incredible,3,1.0
comply,3,3.0
nature,3,1.0
obsess,3,3.0
guru,3,3.0
titties,3,6.0
specify,3,3.0
child,3,1.0
apart,3,2.0
brain,3,1.0
fantastic,3,1.0
neck,3,1.0
afternoon,3,1.0
immediate,3,2.0
nerve,3,2.0
prick,3,4.0
grateful,3,2.0
exist,3,1.0
involve,3,1.0
precise,3,3.0
prefer,3,1.0
kick,3,2.0
bollock,3,5.0
store,3,1.0
book,3,1.0
unlock,3,3.0
constituency,3,3.0
offence,3,3.0
prepare,3,1.0
sandwich,3,1.0
green,3,1.0
aside,3,2.0
confidence,3,2.0
star,3,1.0
pressure,3,2.0
mystery,3,2.0
confession,3,3.0
event,3,1.0
white,3,1.0
confess,3,3.0
preview,3,2.0
national,3,1.0
inside,3,1.0
breathe,3,2.0
commit,3,2.0
often,3,1.0
page,3,1.0
network,3,1.0
food,3,1.0
quid,3,3.0
career,3,1.0
no,3,1.0
smell,3,1.0
small,3,1.0
high,3,1.0
town,3,1.0
carpet,3,1.0
single,3,1.0
share,3,1.0
operation,3,2.0
fridge,3,3.0
clothe,3,3.0
friendly,3,1.0
frighten,3,2.0
pump,3,3.0
quickly,3,1.0
gentleman,3,2.0
online,3,1.0
onlooker,3,5.0
skull,3,3.0
sketch,3,3.0
trace,3,3.0
certain,3,1.0
tough,3,2.0
total,3,2.0
wish,3,1.0
outcome,3,2.0
tone,3,2.0
trainer,3,2.0
comedian,3,3.0
claim,3,2.0
college,3,1.0
gold,3,1.0
tool,3,1.0
human,3,1.0
final,3,1.0
bullshit,3,5.0
oily,3,4.0
air,3,1.0
shoulder,3,1.0
coffee,3,1.0
ultimately,3,2.0
series,3,1.0
kidnapper,3,5.0
snow,3,1.0
global,3,2.0
snore,3,4.0
quiet,3,1.0
hopeful,3,3.0
glass,3,1.0
obit,3,6.0
busy,3,1.0
politic,3,4.0
surround,3,2.0
pork,3,3.0
wake,3,1.0
position,3,1.0
power,3,1.0
money,3,1.0
backward,3,2.0
destroy,3,1.0
crazy,3,1.0
dunno,3,3.0
realistically,3,4.0
style,3,1.0
metre,3,3.0
belong,3,1.0
convince,3,2.0
leader,3,1.0
letter,3,1.0
level,3,1.0
debate,3,2.0
resign,3,3.0
drug,3,1.0
distance,3,1.0
main,3,1.0
birthday,3,1.0
possible,3,1.0
describe,3,1.0
leap,3,3.0
bath,3,1.0
bathroom,3,1.0
drag,3,2.0
sweetheart,3,3.0
pill,3,3.0
bet,3,2.0
photograph,3,1.0
dog,3,1.0
respect,3,2.0
mail,3,1.0
wrap,3,2.0
drop,3,1.0
sudden,3,2.0
attempt,3,2.0
request,3,1.0
van,3,2.0
matter,3,1.0
please,3,1.0
miss,3,1.0
sad,3,1.0
strong,3,1.0
poor,3,1.0
roll,3,2.0
strike,3,2.0
discover,3,1.0
television,3,1.0
coverage,3,3.0
surely,3,2.0
either,3,1.0
difference,3,1.0
performer,3,3.0
performance,3,2.0
disgrace,3,3.0
voter,3,2.0
switch,3,2.0
babble,3,4.0
local,3,1.0
realise,3,3.0
report,3,1.0
map,3,1.0
worth,3,2.0
mess,3,2.0
awkward,3,3.0
disgust,3,3.0
piece,3,1.0
knacker,3,5.0
street,3,1.0
none,2,1.0
hers,2,1.0
million,2,1.0
roast,2,3.0
literally,2,3.0
nightcap,2,6.0
honey,2,3.0
hero,2,1.0
shadow,2,2.0
risk,2,2.0
shall,2,2.0
hilarious,2,3.0
cab,2,3.0
weekend,2,1.0
sever,2,3.0
honour,2,3.0
ridiculous,2,3.0
non,2,3.0
history,2,1.0
nightmare,2,2.0
kiddy,2,6.0
basically,2,2.0
mill,2,3.0
chat,2,1.0
cheap,2,1.0
cheat,2,2.0
mark,2,1.0
cheer,2,3.0
remove,2,1.0
mascot,2,4.0
audience,2,1.0
haired,2,6.0
remind,2,2.0
showreel,2,6.0
register,2,2.0
trigger,2,3.0
pussy,2,4.0
guilty,2,2.0
award,2,1.0
guest,2,1.0
guarantee,2,2.0
pushchair,2,6.0
relief,2,2.0
mental,2,2.0
trial,2,2.0
relax,2,1.0
trouble,2,1.0
represent,2,2.0
charge,2,2.0
attitude,2,2.0
base,2,2.0
retrospective,2,3.0
barbecue,2,3.0
shed,2,3.0
carry,2,1.0
mile,2,1.0
lunch,2,1.0
tune,2,2.0
shift,2,2.0
responsible,2,2.0
attractive,2,1.0
backup,2,3.0
heavy,2,1.0
shitty,2,6.0
shock,2,2.0
maintain,2,2.0
trustworthy,2,4.0
majority,2,2.0
true,2,1.0
appearance,2,1.0
ape,2,3.0
qualify,2,2.0
shirt,2,1.0
humiliation,2,3.0
reception,2,1.0
choose,2,1.0
assist,2,2.0
interview,2,1.0
blank,2,1.0
bounce,2,3.0
reaction,2,2.0
waldo,2,6.0
internet,2,1.0
bow,2,3.0
intercourse,2,3.0
blame,2,2.0
articulate,2,3.0
rub,2,2.0
mock,2,3.0
insult,2,3.0
instruction,2,1.0
arse,2,4.0
reality,2,2.0
nation,2,2.0
nationwide,2,3.0
natural,2,1.0
insist,2,2.0
royal,2,2.0
insane,2,3.0
assume,2,2.0
intimidate,2,3.0
introduce,2,1.0
invitation,2,1.0
rush,2,2.0
blow,2,1.0
bold,2,3.0
mouse,2,1.0
bone,2,1.0
safety,2,2.0
wall,2,1.0
unsimulated,2,6.0
junk,2,3.0
mouth,2,1.0
wank,2,6.0
bother,2,2.0
ruthless,2,3.0
jacket,2,1.0
issue,2,2.0
assault,2,3.0
knee,2,1.0
blonde,2,3.0
satellite,2,2.0
asleep,2,1.0
invoice,2,3.0
scrap,2,3.0
rather,2,1.0
implant,2,3.0
legal,2,2.0
custody,2,3.0
brief,2,2.0
identify,2,1.0
lemon,2,1.0
bright,2,1.0
send,2,1.0
brother,2,1.0
arrive,2,1.0
hunter,2,3.0
hunch,2,3.0
licence,2,3.0
behind,2,1.0
begin,2,1.0
area,2,1.0
huge,2,1.0
however,2,1.0
lifestyle,2,1.0
receive,2,1.0
beg,2,2.0
wee,2,3.0
business,2,1.0
breakthrough,2,3.0
bin,2,3.0
lash,2,3.0
arrow,2,3.0
near,2,1.0
black,2,1.0
bizarre,2,3.0
nearly,2,1.0
upgrade,2,3.0
rapport,2,4.0
ransom,2,4.0
launch,2,2.0
indicate,2,2.0
boyfriend,2,1.0
assure,2,3.0
indecent,2,5.0
monologue,2,6.0
lay,2,2.0
lazy,2,1.0
seat,2,1.0
second,2,1.0
security,2,2.0
inch,2,2.0
inappropriate,2,3.0
monkey,2,1.0
sedate,2,5.0
learn,2,1.0
arsehole,2,6.0
sir,2,1.0
announcement,2,2.0
entire,2,2.0
entertainer,2,3.0
enter,2,1.0
pedal,2,3.0
constant,2,2.0
pregnant,2,2.0
pregnancy,2,3.0
stone,2,1.0
address,2,1.0
encrypt,2,5.0
contact,2,2.0
content,2,2.0
empty,2,1.0
percent,2,1.0
addict,2,3.0
embed,2,3.0
email,2,1.0
control,2,1.0
effective,2,2.0
edit,2,2.0
student,2,1.0
thought,2,1.0
conversation,2,1.0
converse,2,4.0
pre,2,3.0
prawn,2,4.0
stun,2,3.0
such,2,1.0
potential,2,2.0
entertainment,2,2.0
conscious,2,2.0
speed,2,1.0
administrator,2,3.0
computer,2,1.0
explore,2,2.0
private,2,2.0
expensive,2,1.0
price,2,1.0
park,2,1.0
concern,2,2.0
spotlight,2,3.0
concrete,2,3.0
spread,2,2.0
excite,2,2.0
squad,2,3.0
advice,2,1.0
pas,2,5.0
condom,2,3.0
admittedly,2,3.0
past,2,1.0
estimate,2,2.0
presumably,2,3.0
establish,2,2.0
essential,2,2.0
especially,2,1.0
patronise,2,6.0
erotic,2,3.0
stat,2,4.0
ticket,2,1.0
tick,2,3.0
station,2,1.0
status,2,2.0
dry,2,1.0
thickness,2,3.0
correspondence,2,3.0
draw,2,1.0
deserve,2,2.0
depress,2,3.0
depend,2,1.0
pilot,2,1.0
deny,2,2.0
democracy,2,2.0
deliver,2,2.0
porn,2,3.0
accurate,2,2.0
synthetic,2,3.0
deep,2,1.0
system,2,1.0
criminal,2,1.0
crisis,2,2.0
target,2,1.0
plead,2,3.0
pleasure,2,2.0
terrorism,2,3.0
plug,2,3.0
crow,2,3.0
crowd,2,1.0
popular,2,1.0
youngster,2,3.0
cup,2,1.0
terrestrial,2,4.0
poison,2,2.0
poisonous,2,2.0
damage,2,2.0
telly,2,3.0
swastika,2,5.0
swallow,2,3.0
development,2,2.0
super,2,3.0
country,2,1.0
suffer,2,2.0
sufficient,2,2.0
doubt,2,2.0
actively,2,3.0
suggest,2,1.0
activation,2,3.0
courage,2,2.0
doom,2,3.0
physical,2,1.0
courtesy,2,3.0
distinct,2,3.0
deviant,2,4.0
superior,2,3.0
dish,2,1.0
disenfranchise,2,5.0
discussion,2,1.0
discuss,2,1.0
picnic,2,3.0
surprise,2,1.0
directed,2,3.0
cow,2,1.0
difficult,2,1.0
theory,2,2.0
dickhead,2,6.0
wreck,2,3.0
extra,2,1.0
admit,2,2.0
after,2,1.0
forgive,2,2.0
slash,2,3.0
window,2,1.0
slice,2,2.0
front,2,1.0
toxic,2,3.0
palm,2,3.0
slot,2,3.0
puke,2,6.0
opportunity,2,1.0
smash,2,3.0
form,2,1.0
club,2,1.0
skin,2,1.0
pub,2,3.0
footage,2,3.0
clue,2,2.0
fool,2,3.0
towel,2,1.0
fly,2,1.0
organic,2,3.0
provide,2,1.0
flip,2,3.0
prove,2,2.0
flight,2,1.0
original,2,1.0
ooze,2,4.0
skeleton,2,3.0
fit,2,1.0
wide,2,1.0
greet,2,1.0
tree,2,1.0
signal,2,2.0
significance,2,3.0
anniversary,2,2.0
silence,2,2.0
officer,2,1.0
google,2,5.0
purpose,2,1.0
trap,2,3.0
ok,2,1.0
angle,2,2.0
punishment,2,2.0
glad,2,2.0
transition,2,2.0
gift,2,1.0
clear,2,1.0
gauge,2,3.0
sister,2,1.0
gate,2,1.0
gap,2,1.0
gang,2,2.0
game,2,1.0
gag,2,3.0
proud,2,2.0
freak,2,3.0
commercial,2,2.0
faker,2,6.0
ahead,2,2.0
fight,2,1.0
procedure,2,2.0
famous,2,1.0
fancy,2,2.0
proceed,2,2.0
paint,2,1.0
agency,2,2.0
company,2,1.0
fee,2,2.0
toilet,2,1.0
favourite,2,3.0
spare,2,3.0
south,2,1.0
witch,2,3.0
fall,2,1.0
common,2,1.0
ours,2,2.0
spectator,2,3.0
afterlife,2,5.0
firm,2,2.0
outfit,2,3.0
fail,2,1.0
aim,2,2.0
witness,2,2.0
zone,1,2.0
wig,1,3.0
voluntary,1,3.0
pornographic,1,5.0
portfolio,1,3.0
portion,1,3.0
rank,1,2.0
reduction,1,2.0
pop,1,1.0
reference,1,2.0
rating,1,3.0
quarter,1,1.0
reduce,1,1.0
red,1,1.0
wack,1,6.0
recruitment,1,3.0
regular,1,1.0
waddle,1,6.0
processor,1,3.0
pose,1,2.0
presumptuous,1,6.0
willing,1,2.0
zinger,1,6.0
widget,1,5.0
regard,1,2.0
wonky,1,6.0
ratify,1,3.0
reform,1,2.0
wicked,1,3.0
pursue,1,2.0
western,1,2.0
rate,1,1.0
pool,1,1.0
popularity,1,2.0
popularly,1,4.0
population,1,1.0
reconstruction,1,3.0
reflection,1,3.0
pore,1,3.0
quad,1,5.0
previous,1,2.0
vulnerable,1,3.0
refuse,1,1.0
yesterday,1,1.0
protest,1,2.0
range,1,2.0
wing,1,2.0
progress,1,1.0
promise,1,1.0
wise,1,2.0
prompt,1,3.0
post,1,1.0
prop,1,3.0
postcode,1,5.0
watershed,1,3.0
potato,1,1.0
psychologist,1,2.0
prep,1,3.0
practice,1,1.0
pram,1,5.0
proportionate,1,4.0
protect,1,1.0
woefully,1,5.0
proxy,1,3.0
wallow,1,5.0
worthless,1,3.0
protective,1,3.0
preach,1,3.0
worldwide,1,2.0
realign,1,6.0
realer,1,6.0
preference,1,3.0
quote,1,2.0
programme,1,3.0
reconnaissance,1,5.0
product,1,1.0
recommend,1,1.0
queen,1,1.0
wrist,1,3.0
west,1,1.0
recognised,1,6.0
recognise,1,6.0
react,1,1.0
raid,1,3.0
wind,1,1.0
pure,1,2.0
recipe,1,1.0
puppet,1,3.0
recently,1,1.0
proctologist,1,6.0
questionable,1,3.0
werewolf,1,6.0
possess,1,2.0
wraith,1,6.0
reason,1,1.0
whatsoever,1,3.0
workable,1,5.0
waistband,1,5.0
possession,1,1.0
war,1,1.0
puncture,1,4.0
possibility,1,1.0
radical,1,3.0
regulation,1,2.0
tempo,1,4.0
voluntarily,1,3.0
spirit,1,2.0
spine,1,3.0
spell,1,1.0
tinsel,1,6.0
tip,1,1.0
spectrum,1,3.0
specification,1,3.0
special,1,1.0
toaster,1,5.0
spacewalk,1,6.0
soup,1,1.0
sore,1,3.0
sonic,1,5.0
song,1,1.0
tomato,1,1.0
son,1,1.0
timeline,1,4.0
spit,1,3.0
someplace,1,4.0
spook,1,5.0
starve,1,3.0
startle,1,3.0
standstill,1,4.0
standard,1,2.0
tie,1,1.0
stance,1,3.0
stall,1,3.0
stalker,1,6.0
stake,1,3.0
squeeze,1,3.0
squawk,1,5.0
tight,1,2.0
spring,1,1.0
sportsman,1,3.0
timeless,1,4.0
ton,1,2.0
tongue,1,2.0
relate,1,2.0
snatch,1,3.0
snack,1,3.0
smother,1,4.0
smooth,1,2.0
smile,1,1.0
smart,1,1.0
sly,1,4.0
slowly,1,1.0
slosh,1,6.0
slip,1,2.0
slim,1,3.0
slightly,1,2.0
toy,1,1.0
slavery,1,3.0
slack,1,3.0
track,1,1.0
snap,1,3.0
sniff,1,3.0
solve,1,1.0
snooty,1,6.0
solitary,1,3.0
solid,1,2.0
sole,1,3.0
soldier,1,1.0
software,1,2.0
soft,1,1.0
social,1,1.0
toon,1,6.0
sober,1,3.0
tooth,1,1.0
soak,1,3.0
torture,1,3.0
toss,1,3.0
snub,1,5.0
steer,1,3.0
stiff,1,2.0
throb,1,4.0
tantalising,1,6.0
test,1,1.0
tactic,1,3.0
t-shirt,1,1.0
sympathy,1,2.0
sympathise,1,6.0
texture,1,3.0
sympathetic,1,3.0
symbolism,1,4.0
symbolic,1,3.0
that,1,1.0
symbol,1,1.0
swing,1,2.0
sweet,1,1.0
theatre,1,3.0
swab,1,5.0
tanking,1,6.0
tap,1,3.0
stipulate,1,3.0
tasers,1,6.0
temperature,1,1.0
tend,1,2.0
tequila,1,5.0
teen,1,3.0
technique,1,2.0
terminology,1,3.0
technically,1,3.0
technical,1,2.0
terrible,1,1.0
terrific,1,3.0
terrify,1,3.0
territory,1,3.0
tattoo,1,3.0
terrorist,1,3.0
taste,1,1.0
suspicious,1,3.0
theme,1,2.0
surprisingly,1,3.0
surgically,1,6.0
stumble,1,3.0
third,1,1.0
studio,1,2.0
struggle,1,2.0
stress,1,1.0
threat,1,2.0
strengthen,1,3.0
threaten,1,2.0
strange,1,1.0
strand,1,3.0
straightforward,1,3.0
throat,1,2.0
stomach,1,1.0
stipulation,1,5.0
stump,1,3.0
substantial,1,2.0
subtitle,1,4.0
suicidal,1,4.0
supply,1,2.0
supermodel,1,6.0
summit,1,3.0
sum,1,2.0
suitable,1,2.0
suit,1,1.0
suggestion,1,1.0
success,1,1.0
sugar,1,1.0
sue,1,3.0
therapy,1,2.0
thief,1,1.0
suck,1,3.0
successful,1,1.0
site,1,1.0
transfer,1,2.0
transit,1,3.0
until,1,1.0
saddle,1,3.0
upcoming,1,3.0
update,1,2.0
rum,1,4.0
ruin,1,3.0
row,1,2.0
rove,1,4.0
routine,1,1.0
roundabout,1,4.0
uploads,1,6.0
rotten,1,3.0
uptight,1,6.0
urine,1,3.0
romantic,1,2.0
untraceable,1,6.0
safari,1,5.0
schedule,1,1.0
unscheduled,1,6.0
scenario,1,3.0
scary,1,1.0
unique,1,2.0
scar,1,3.0
scanner,1,3.0
scandal,1,3.0
scan,1,2.0
unlikeable,1,6.0
unload,1,3.0
saturation,1,5.0
satisfy,1,2.0
sanctimonious,1,6.0
salesman,1,3.0
unprecedented,1,3.0
sale,1,1.0
romance,1,3.0
useful,1,1.0
user,1,1.0
role,1,1.0
victor,1,4.0
respond,1,1.0
resignation,1,3.0
victorian,1,4.0
require,1,2.0
reply,1,1.0
remotely,1,3.0
remote,1,2.0
reminder,1,3.0
viral,1,3.0
religious,1,2.0
virgin,1,3.0
virus,1,1.0
relay,1,3.0
vodka,1,3.0
viciousness,1,6.0
restrict,1,3.0
verdict,1,3.0
rifle,1,3.0
rock,1,1.0
utterly,1,3.0
rival,1,3.0
ripple,1,3.0
vandalised,1,6.0
vast,1,2.0
rid,1,2.0
rewind,1,5.0
revolution,1,2.0
revel,1,4.0
vanish,1,3.0
vapidity,1,6.0
scene,1,1.0
school,1,1.0
sip,1,3.0
sic,1,4.0
trick,1,2.0
trickery,1,6.0
shutdown,1,5.0
tricky,1,3.0
trip,1,1.0
triviality,1,6.0
shove,1,3.0
shout,1,1.0
shotgun,1,3.0
shortly,1,3.0
troupe,1,5.0
shopper,1,3.0
truck,1,1.0
shop,1,1.0
truly,1,2.0
shy,1,2.0
schoolkid,1,6.0
sight,1,2.0
sink,1,2.0
singular,1,3.0
translate,1,2.0
transmit,1,3.0
since,1,1.0
simulate,1,3.0
simple,1,1.0
silver,1,1.0
silly,1,2.0
silhouette,1,4.0
silent,1,2.0
travel,1,1.0
treasure,1,3.0
treat,1,2.0
trend,1,2.0
tumble,1,3.0
shirtless,1,6.0
sheet,1,1.0
shame,1,2.0
undignified,1,6.0
unemployable,1,6.0
unemployed,1,2.0
unharmed,1,5.0
uninterrupted,1,5.0
sedative,1,5.0
search,1,1.0
sea,1,1.0
scum,1,5.0
scroll,1,3.0
screamer,1,6.0
scream,1,2.0
scramble,1,3.0
science,1,1.0
schoolkids,1,6.0
underground,1,1.0
semi,1,3.0
sense,1,1.0
setting,1,2.0
sham,1,4.0
turf,1,3.0
sexy,1,3.0
twat,1,6.0
tweak,1,4.0
twitch,1,4.0
typical,1,1.0
underdone,1,6.0
ugly,1,2.0
uncanny,1,4.0
uncomfortable,1,2.0
separate,1,1.0
unconcerned,1,5.0
undercurrent,1,5.0
underneath,1,3.0
abduct,1,4.0
polite,1,1.0
cult,1,3.0
dance,1,1.0
daily,1,1.0
cynical,1,3.0
cute,1,3.0
customer,1,1.0
curtain,1,2.0
curse,1,3.0
currently,1,2.0
current,1,2.0
cultural,1,2.0
cue,1,3.0
extinguish,1,4.0
crush,1,3.0
crocodile,1,4.0
criticism,1,2.0
critic,1,2.0
crime,1,1.0
creepy,1,4.0
creature,1,2.0
cream,1,1.0
crash,1,2.0
crank,1,4.0
dandy,1,4.0
danger,1,1.0
dare,1,3.0
date,1,1.0
departure,1,2.0
delivery,1,2.0
deliberately,1,2.0
deletion,1,4.0
delay,1,2.0
definition,1,2.0
definitely,1,1.0
dedicate,1,3.0
decoy,1,4.0
decoration,1,2.0
decor,1,4.0
declare,1,2.0
decide,1,1.0
decade,1,2.0
debut,1,3.0
debunk,1,5.0
debt,1,2.0
debase,1,5.0
deadwood,1,6.0
daylight,1,3.0
dawn,1,3.0
coward,1,4.0
count,1,1.0
corporate,1,2.0
comprehensive,1,3.0
compound,1,3.0
complaint,1,2.0
compile,1,3.0
compare,1,1.0
community,1,1.0
commonly,1,2.0
commentator,1,3.0
comment,1,1.0
commence,1,3.0
commander,1,3.0
comic,1,3.0
comfortable,1,1.0
comedy,1,1.0
colorful,1,3.0
collective,1,3.0
collapse,1,2.0
cognitive,1,3.0
coerce,1,4.0
codeword,1,6.0
cocktail,1,3.0
cock,1,3.0
comprehend,1,3.0
compression,1,3.0
corn,1,2.0
compulsory,1,3.0
core,1,2.0
cop,1,3.0
cook,1,1.0
conversational,1,3.0
conversate,1,6.0
controversy,1,3.0
controversial,1,3.0
contingency,1,3.0
contestant,1,4.0
construct,1,2.0
console,1,3.0
consist,1,2.0
connect,1,1.0
congratulation,1,3.0
confuse,1,2.0
confirm,1,2.0
confetti,1,6.0
condition,1,1.0
conclude,1,2.0
conceivably,1,4.0
concede,1,3.0
depict,1,3.0
designate,1,3.0
desperate,1,2.0
equivalent,1,3.0
equation,1,3.0
episode,1,2.0
environment,1,1.0
entry,1,2.0
entrance,1,2.0
entitle,1,3.0
entirely,1,2.0
enthusiastic,1,2.0
ensure,1,2.0
enjoyment,1,3.0
enforce,1,3.0
energising,1,6.0
endure,1,3.0
encourage,1,2.0
enactment,1,5.0
enable,1,2.0
empathize,1,5.0
empathetic,1,6.0
emotional,1,2.0
embrace,1,3.0
equip,1,3.0
electrolyte,1,6.0
erase,1,3.0
expert,1,1.0
experimental,1,3.0
experience,1,1.0
expense,1,2.0
exhibition,1,2.0
exhaustive,1,4.0
execute,1,3.0
exclusively,1,3.0
exceptional,1,3.0
exaggerate,1,3.0
evil,1,2.0
evidence,1,1.0
every,1,1.0
eventually,1,2.0
evade,1,3.0
ethnic,1,3.0
ethically,1,5.0
esteem,1,3.0
espionage,1,4.0
escape,1,2.0
erotica,1,6.0
embarrassment,1,3.0
electric,1,1.0
desperation,1,3.0
dormouse,1,6.0
dole,1,3.0
doctor,1,1.0
ditto,1,6.0
dither,1,5.0
dissent,1,3.0
display,1,2.0
disdain,1,4.0
discount,1,2.0
disaster,1,1.0
disapprove,1,3.0
disappearance,1,3.0
disable,1,3.0
direct,1,1.0
dim,1,3.0
dig,1,2.0
dialogue,1,1.0
devise,1,3.0
devastate,1,3.0
destiny,1,3.0
despise,1,3.0
doorway,1,3.0
doth,1,5.0
elect,1,2.0
double,1,1.0
effect,1,1.0
eerie,1,4.0
educational,1,2.0
edge,1,2.0
earnings,1,4.0
ear,1,1.0
eagerness,1,4.0
dynamic,1,3.0
dwindle,1,3.0
dwell,1,3.0
dust,1,2.0
duplicate,1,3.0
dumb,1,3.0
duly,1,3.0
dull,1,3.0
due,1,2.0
drought,1,3.0
downside,1,3.0
downplay,1,5.0
download,1,1.0
cob,1,5.0
coarse,1,3.0
coach,1,1.0
aspect,1,2.0
artist,1,1.0
artery,1,3.0
art,1,1.0
arrest,1,2.0
arrangement,1,1.0
arm,1,1.0
argue,1,1.0
archive,1,3.0
arab,1,4.0
approval,1,2.0
approach,1,2.0
appreciate,1,2.0
appraise,1,4.0
appointment,1,2.0
apple,1,1.0
applause,1,3.0
anticipate,1,3.0
anti,1,3.0
anonymously,1,5.0
artwork,1,3.0
assassin,1,4.0
annoy,1,2.0
assess,1,2.0
awful,1,1.0
awesome,1,1.0
awake,1,3.0
await,1,3.0
avoid,1,1.0
average,1,1.0
available,1,1.0
autocue,1,6.0
authenticity,1,3.0
authentic,1,3.0
augment,1,3.0
audacious,1,5.0
attic,1,3.0
attend,1,1.0
atmosphere,1,2.0
astound,1,3.0
assistant,1,1.0
assistance,1,3.0
assign,1,3.0
asshole,1,5.0
assessment,1,2.0
annual,1,2.0
announce,1,2.0
background,1,1.0
adorable,1,5.0
addiction,1,3.0
add,1,1.0
ad,1,2.0
actress,1,1.0
activity,1,1.0
activate,1,3.0
action,1,1.0
across,1,1.0
achingly,1,6.0
achievement,1,2.0
accuse,1,2.0
account,1,2.0
accordance,1,3.0
accord,1,2.0
accompany,1,2.0
accident,1,1.0
access,1,2.0
acceptable,1,2.0
accept,1,1.0
abuzz,1,6.0
absurd,1,3.0
admirable,1,3.0
adventurousness,1,6.0
animation,1,3.0
affect,1,1.0
animate,1,3.0
anguish,1,3.0
angry,1,1.0
angel,1,3.0
anemone,1,4.0
analysis,1,2.0
anaesthetic,1,6.0
amputee,1,6.0
amend,1,3.0
alternative,1,1.0
allocation,1,3.0
allege,1,3.0
alive,1,1.0
alert,1,3.0
alarm,1,2.0
airport,1,1.0
aid,1,2.0
ai,1,4.0
agony,1,3.0
agitation,1,4.0
affiliation,1,3.0
babysit,1,5.0
backpack,1,4.0
co,1,4.0
chiller,1,6.0
chew,1,3.0
charity,1,1.0
chance,1,1.0
challenge,1,2.0
chair,1,1.0
century,1,1.0
central,1,2.0
cent,1,1.0
caveat,1,3.0
cave,1,3.0
catchphrase,1,6.0
cashmere,1,5.0
careful,1,1.0
captor,1,5.0
capital,1,1.0
campus,1,1.0
cam,1,4.0
cake,1,1.0
cadaver,1,6.0
cable,1,2.0
by,1,1.0
chick,1,3.0
chimney,1,3.0
bum,1,3.0
chinese,1,3.0
clown,1,3.0
cloud,1,1.0
clone,1,3.0
cling,1,3.0
climb,1,1.0
client,1,2.0
click,1,2.0
clever,1,2.0
classic,1,2.0
clash,1,3.0
clarity,1,3.0
clam,1,4.0
city,1,1.0
circle,1,1.0
cinematic,1,5.0
chuck,1,3.0
chroma,1,6.0
chorus,1,3.0
chord,1,3.0
choke,1,3.0
chit,1,6.0
bump,1,3.0
budget,1,2.0
balaclava,1,6.0
bison,1,4.0
bird,1,1.0
bibble,1,6.0
beta,1,3.0
bestiality,1,6.0
behavioral,1,3.0
beforehand,1,3.0
beer,1,1.0
bedroom,1,1.0
because,1,1.0
beauty,1,2.0
beady,1,6.0
battery,1,2.0
batshit,1,6.0
bat,1,3.0
basis,1,2.0
bash,1,3.0
bare,1,3.0
barbaric,1,4.0
ballot,1,3.0
balcony,1,3.0
bish,1,6.0
blanket,1,3.0
buddy,1,3.0
blog,1,1.0
bubble,1,2.0
brush,1,1.0
brown,1,1.0
brink,1,3.0
brew,1,3.0
breath,1,2.0
breastfeed,1,5.0
breakfast,1,1.0
bravery,1,4.0
brave,1,2.0
brand,1,2.0
bowl,1,1.0
bottom,1,1.0
bottle,1,1.0
boss,1,1.0
border,1,2.0
boom,1,3.0
boo,1,4.0
boil,1,1.0
blunt,1,3.0
blood,1,1.0
exposure,1,3.0
extinguisher,1,4.0
policy,1,2.0
minister,1,2.0
mole,1,3.0
modern,1,1.0
mobile,1,2.0
moan,1,3.0
mo,1,4.0
mistake,1,1.0
misinterpret,1,4.0
mirror,1,1.0
minor,1,2.0
mindset,1,5.0
extract,1,3.0
mimic,1,3.0
millionaire,1,3.0
milky,1,4.0
mil,1,5.0
mid,1,3.0
messenger,1,3.0
mesmerised,1,6.0
merit,1,3.0
mercy,1,3.0
member,1,1.0
monster,1,3.0
moon,1,1.0
morally,1,3.0
moron,1,5.0
newscast,1,6.0
neutralize,1,3.0
net,1,2.0
nervous,1,1.0
negotiation,1,2.0
needy,1,4.0
necessary,1,1.0
neat,1,2.0
nausea,1,4.0
naturism,1,6.0
naturally,1,2.0
nap,1,3.0
naive,1,3.0
muscle,1,2.0
murderer,1,3.0
multiply,1,2.0
multiple,1,2.0
movement,1,1.0
motion,1,2.0
mother,1,1.0
melodramatic,1,5.0
medium,1,2.0
meanwhile,1,2.0
luminance,1,6.0
lover,1,3.0
loser,1,3.0
lordship,1,3.0
loon,1,4.0
lookout,1,4.0
looker,1,6.0
loo,1,4.0
lonely,1,2.0
log,1,3.0
lodge,1,3.0
lob,1,5.0
loan,1,2.0
able,1,1.0
litigation,1,3.0
lion,1,1.0
link,1,1.0
lighten,1,3.0
lift,1,1.0
library,1,1.0
lesbian,1,3.0
luck,1,1.0
meaningless,1,3.0
machine,1,1.0
meaningful,1,3.0
meal,1,1.0
meagre,1,6.0
max,1,4.0
math,1,1.0
material,1,1.0
match,1,1.0
masturbate,1,6.0
massive,1,2.0
marriage,1,2.0
market,1,1.0
manikin,1,6.0
manage,1,1.0
mall,1,1.0
male,1,1.0
mainly,1,2.0
magnetism,1,4.0
magician,1,4.0
magical,1,3.0
madly,1,4.0
nick,1,3.0
nihilist,1,6.0
nonetheless,1,3.0
petrol,1,3.0
perv,1,6.0
persuasion,1,3.0
perspective,1,2.0
personnel,1,3.0
personally,1,2.0
permanent,1,2.0
perfectly,1,2.0
perfection,1,3.0
pepper,1,1.0
penis,1,3.0
peek,1,3.0
pee,1,4.0
pebble,1,4.0
peak,1,2.0
pause,1,2.0
patient,1,1.0
patch,1,3.0
passer,1,6.0
passenger,1,1.0
pass,1,1.0
particular,1,1.0
pervs,1,6.0
phenomenal,1,3.0
parenting,1,6.0
phenomenon,1,2.0
pole,1,2.0
poke,1,3.0
pointer,1,3.0
pocket,1,1.0
plus,1,2.0
plea,1,3.0
playground,1,3.0
player,1,1.0
platform,1,1.0
planet,1,1.0
pity,1,3.0
pirate,1,3.0
pint,1,3.0
pinpoint,1,3.0
pillock,1,6.0
pilgrimage,1,3.0
pickings,1,6.0
pic,1,5.0
photocopier,1,4.0
phoney,1,6.0
phew,1,6.0
participate,1,2.0
parent,1,1.0
nonsense,1,3.0
option,1,1.0
opposition,1,2.0
opponent,1,2.0
operative,1,3.0
operate,1,2.0
opener,1,4.0
onside,1,6.0
offspring,1,3.0
offline,1,5.0
odd,1,2.0
occasionally,1,2.0
observe,1,2.0
observation,1,2.0
obscene,1,4.0
objectively,1,4.0
nutrient,1,3.0
nutcase,1,6.0
nosh,1,6.0
normally,1,1.0
normal,1,1.0
oppressive,1,4.0
ordeal,1,3.0
parameter,1,3.0
orifice,1,4.0
paradigm,1,3.0
pan,1,2.0
palace,1,1.0
pal,1,3.0
pair,1,1.0
painless,1,5.0
painful,1,2.0
pain,1,1.0
packet,1,3.0
package,1,2.0
pace,1,2.0
oyster,1,3.0
overtake,1,3.0
override,1,3.0
overly,1,3.0
overdo,1,4.0
overall,1,2.0
outrage,1,3.0
ornamental,1,4.0
originally,1,2.0
origin,1,2.0
lean,1,2.0
lawyer,1,1.0
generally,1,2.0
gawp,1,6.0
gather,1,2.0
furniture,1,1.0
fundamentally,1,3.0
fund,1,2.0
functional,1,3.0
function,1,2.0
fully,1,2.0
full-time,1,3.0
fulfil,1,6.0
fudge,1,5.0
frustrate,1,3.0
fruition,1,5.0
fruit,1,1.0
fringe,1,3.0
freeze,1,2.0
fray,1,3.0
fragile,1,3.0
fox,1,3.0
fortnight,1,3.0
gel,1,3.0
generate,1,2.0
former,1,2.0
genuine,1,3.0
hail,1,3.0
gunk,1,6.0
guide,1,1.0
gross,1,3.0
grisly,1,5.0
grind,1,3.0
grim,1,3.0
grey,1,3.0
gravy,1,4.0
graphic,1,3.0
grandad,1,6.0
grade,1,2.0
goon,1,6.0
goodnight,1,5.0
goodness,1,3.0
goddamn,1,5.0
glorify,1,4.0
globe,1,3.0
glide,1,3.0
girlfriend,1,1.0
gesture,1,3.0
formulate,1,3.0
formally,1,3.0
hall,1,1.0
fictional,1,3.0
festive,1,4.0
feral,1,5.0
female,1,1.0
feed,1,1.0
feeble,1,4.0
fear,1,1.0
favour,1,3.0
father,1,1.0
fate,1,3.0
fatal,1,3.0
fat,1,1.0
fast,1,1.0
fascinate,1,3.0
fart,1,5.0
farewell,1,3.0
fang,1,5.0
familiar,1,2.0
false,1,1.0
faith,1,2.0
extraordinary,1,2.0
fez,1,6.0
field,1,1.0
formal,1,1.0
figurehead,1,6.0
fork,1,1.0
forest,1,1.0
force,1,2.0
fold,1,2.0
foam,1,3.0
floor,1,1.0
float,1,2.0
fling,1,3.0
flesh,1,3.0
flatter,1,3.0
flat,1,1.0
flash,1,2.0
fish,1,1.0
fingertip,1,4.0
finessing,1,6.0
financial,1,2.0
finale,1,3.0
filth,1,4.0
filter,1,3.0
fill,1,1.0
file,1,2.0
halfway,1,3.0
handle,1,2.0
law,1,1.0
invective,1,6.0
intervene,1,3.0
interrogation,1,3.0
intercut,1,6.0
intercept,1,3.0
interactive,1,3.0
intelligent,1,1.0
insurrection,1,4.0
insurance,1,2.0
instruct,1,3.0
instinctively,1,4.0
instead,1,1.0
instantly,1,3.0
install,1,2.0
innocence,1,3.0
injunction,1,3.0
ingrain,1,5.0
ingest,1,5.0
infrastructure,1,3.0
informative,1,3.0
information,1,1.0
irony,1,3.0
inflate,1,3.0
islamist,1,6.0
lardy,1,6.0
language,1,1.0
lamppost,1,6.0
lamp,1,1.0
lady,1,1.0
ladder,1,3.0
lack,1,2.0
labour,1,3.0
label,1,2.0
knockout,1,4.0
knack,1,4.0
kingdom,1,3.0
king,1,1.0
key,1,1.0
keen,1,3.0
justice,1,2.0
jury,1,3.0
judge,1,2.0
jail,1,3.0
isolate,1,3.0
info,1,3.0
industry,1,1.0
handsome,1,3.0
hobby,1,1.0
hive,1,2.0
historical,1,2.0
hideous,1,4.0
heroic,1,6.0
hereby,1,4.0
hence,1,3.0
helpless,1,3.0
helmet,1,3.0
heartfelt,1,5.0
heartbreaker,1,6.0
heartbeat,1,4.0
healthy,1,1.0
health,1,1.0
headspace,1,6.0
headphone,1,4.0
haunt,1,3.0
harsh,1,3.0
harrow,1,4.0
harpoon,1,4.0
harm,1,2.0
harden,1,3.0
hole,1,1.0
indeed,1,2.0
inclusion,1,3.0
include,1,1.0
incident,1,2.0
impressive,1,2.0
impress,1,2.0
importance,1,2.0
illness,1,1.0
idol,1,3.0
icebreaker,1,6.0
i,1,1.0
husting,1,6.0
husband,1,1.0
hungry,1,1.0
humour,1,3.0
humiliate,1,3.0
host,1,2.0
horrible,1,2.0
horizon,1,3.0
hooker,1,5.0
hook,1,3.0
zoom,1,3.0
